id,name,points
1,"8 AM Metro",0
2,Beast,0
3,Badmaashi,0
4,"Bolna Tu Bantai",0
5,"Main Atal Hoon",0
6,Crakk,0
7,"Modern Love Chennai",0
8,"Stolen Dreams",0
9,"Honey 3.0",0
10,Fighter,0
11,Ghost,0
12,"Teri Baaton Mein Aisa Uljha Jiya",0
13,"Merry Christmas",0
14,Salaar,0
15,"Queen Of Hearts",0
16,Raah,0
17,"Annhi Dea Mazaak Ae",0
18,Raangi,0
19,Maamannan,0
20,"Modern Love Mumbai",0
21,"Pathu Thala",0
22,"Chandramukhi 2",0
23,"Mr And Mrs Narula",0
24,Maa,0
25,"White Panjab",0
26,"Himesh Ke Dil Se",0
27,"Sher Bagga",0
28,Jalwa,0
29,"Hustle 3",0
30,Chengiz,0
31,"Gandhi Godse Ek Yudh",0
32,Rocketry,0
33,"Ragni 18",0
34,Mandap,0
35,"Hustle 2.0",0
36,PR,0
37,"Adipurush Tamil",0
38,"Jugjugg Jeeyo",0
39,Lehmberginni,0
40,"Kade Dade Diyan Kade Pote Diyan",0
41,"D 2022",0
42,"Rani Haar",0
43,Varisu,0
44,"Varisu Hindi",0
45,Brahmastra,0
46,Leo,0
47,Jailer,0
48,"Vikrant Rona Hindi",0
49,"Macharla Chunaav Kshetra",0
50,"Leo Hindi",0
51,Ready,0
52,Rebel,0
53,Recall,0
54,"Heropanti 2",0
55,Remember,0
56,"Kaathuvaakula Rendu Kaadhal",0
57,"Any How Mitti Pao",0
58,"Mahaan - Tamil 2021",0
59,"Rise N Shine",0
60,Shaakuntalam,0
61,Robinhood,0
62,"Yutha Satham",0
63,"Kaali Sarhad",0
64,"Kulche Chole",0
65,"Roop Radhaa Kaa",0
66,"Rise Fall Rise",0
67,"Tiger 3",0
68,Qala,0
69,"Rukka Dhani Me",0
70,Sukoon,0
71,"Coffee With Kadhal",0
72,"Kali Jotta",0
73,"Love Today",0
74,"I Dont Care",0
75,Saah,0
76,Saanjh,0
77,Kaari,0
78,"Saans 2",0
79,"Sultan Of Delhi",0
80,"Accidental Farmer",0
81,"Bachchhan Paandey",0
82,"Drishyam 2",0
83,Babul,0
84,"Sabki Baaratein Aayi",0
85,"Udeekan Teriyan",0
86,"Sab Ton Sohna Reverb",0
87,"Sachi Muchi",0
88,"Industry 2",0
89,"Sadi Goodluck",0
90,Safety,0
91,"Aaja Mexico Challiye",0
92,"Sirf Ek Bandaa Kaafi Hai",0
93,"The Great Indian Family",0
94,"The UK07 Rider",0
95,"Tu Hi Yaar Mera",0
96,Sajna,0
97,"Godday Godday Chaa",0
98,"James Tamil",0
99,"Mere Husband Ki Shadi",0
100,LGM,0
101,MOH,0
102,"Mahi Mera Nikka Jeha",0
103,"3 AM Sessions",0
104,Yaanai,0
105,Sandal,0
106,"Gatta Kusthi",0
107,"Sang E Mah",0
108,"Look At Me",0
109,Prithviraj,0
110,Race,0
111,"Munda Southall Da",0
112,Bumper,0
113,Vajood,0
114,"The New Blood Bharateeyans",0
115,"New Life",0
116,"Sathya Sothanai",0
117,"Sathi Re",0
118,Animal,0
119,"Kick Tamil",0
120,"Sat Samundar",0
121,"Yaariyan 2",0
122,Neymar,0
123,Savidhan,0
124,"First Of A Kind",0
125,Maaveeran,0
126,Addiction,0
127,"August 16 1947",0
128,"Doli Saja Ke Rakhna Bhojpuri 2022",0
129,"Karumegangal Kalaigindrana",0
130,"Ek Villain Returns",0
131,Shalla,0
132,"D Town To B Town",0
133,Shararah,0
134,"Khao Piyo Aish Karo",0
135,"Another Side",0
136,"Hi Papa",0
137,Mastaney,0
138,Masand,0
139,Sher,0
140,Selfiee,0
141,Dhaakad,0
142,"Jind Mahi",0
143,Shikaar,0
144,"Ponniyin Selvan",0
145,"RRR 2021",0
146,Shonk,0
147,"IPL Anthem",0
148,"Tu Jhoothi Main Makkaar",0
149,"Bappa Shendur Laal",0
150,"Dakuaan Da Munda 2",0
151,"Maante Naahi Haar",0
152,Sikhle,0
153,"Kadhal Conditions Apply",0
154,"Single Life",0
155,Wolf,0
156,Paramporul,0
157,"Hey Sinamika",0
158,"The Great Indian Kitchen",0
159,Sitara,0
160,Bakasuran,0
161,"Shonk Sardari Da",0
162,Slayer,0
163,"Snakes And Ladders",0
164,SOA,0
165,"Making Memories",0
166,"Main Te Bapu",0
167,"Amigo Garage",0
168,Layers,0
169,Sinam,0
170,"Virupaksha Tamil",0
171,"Road To Crore",0
172,"Sone Ki Tagdi",0
173,"Maja Ma",0
174,Gumraah,0
175,Sonrisa,0
176,"Batch 2013",0
177,"Sardar Tamil 2022",0
178,SOTB,0
179,Speechless,0
180,Speed,0
181,Archives,0
182,"Still Stuck",0
183,"G Thing",0
184,Sugar,0
185,"Kgf Chapter 2 Tamil",0
186,"Etharkkum Thunindhavan",0
187,"The Archies",0
188,"Ittu Si Baat",0
189,"Satyaprem Ki Katha",0
190,Cirkus,0
191,Galwakdi,0
192,"Surma Lapete 2",0
193,"Surma Rukya Na",0
194,Suzhal,0
195,"Maa Da Ladla",0
196,O2,0
197,"System Tagda",0
198,"Double Xl",0
199,Taare,0
200,"Taare Tuttange",0
201,Tabahi,0
202,"The Great Escape",0
203,Tamasha,0
204,Label,0
205,"Multani Mitti",0
206,Tareefan,0
207,Dinosaurs,0
208,Tauba,0
209,"Taur Kiwe Aa",0
210,"My Way Main Te Mere Geet",0
211,Jannatein,0
212,"Kisi Ka Bhai Kisi Ki Jaan",0
213,"Tere Bin",0
214,"Tu Hovein Main Hovan",0
215,Raaz,0
216,"Laal Singh Chaddha",0
217,"Indie Hain Hum 3",0
218,"Tere Piche",0
219,"Tu Jhoothi Main Makkar",0
220,Kuttey,0
221,"Zara Hatke Zara Bachke",0
222,"Tere Wala Jatt",0
223,"Teri Aukat",0
224,"Teri Bhabhi Ka Phone Hai",0
225,"Zindagi Zindabaad",0
226,"Teri Yaad",0
227,Thiruchitrambalam,0
228,Thookudurai,0
229,"God Father Hindi",0
230,"Kaiyum Kalavum",0
231,"The Village",0
232,Ripupbury,0
233,"Putham Pudhu Kaalai Vidiyaadhaa",0
234,Thappad,0
235,Thar,0
236,"Dasara Tamil",0
237,"Sweet Kaaram Coffee",0
238,Nadhi,0
239,"Brahmastra Tamil",0
240,Jalsa,0
241,"An Action Hero",0
242,Parking,0
243,"Lal Salaam",0
244,"Runway 34",0
245,"Think Uncut",0
246,Ayothi,0
247,"Kuttram Purinthal",0
248,Thokar,0
249,"Sita Ramam Tamil",0
250,"Gargi Tamil",0
251,Laththi,0
252,Taanakkaran,0
253,"Cobra Tamil",0
254,Veeran,0
255,Custody,0
256,"Hit The First Case",0
257,Tinkiya,0
258,"Tinna Vicho",0
259,"Mere Desh Ki Dharti",0
260,"Jeena Abhi Baaki Hain",0
261,"Laung Laachi 2",0
262,Adiye,0
263,"Babe Bhangra Paunde Ne",0
264,"Bhaichara On The Floor",0
265,"Bhool Bhulaiyaa 2",0
266,"Carry On Jatta 3",0
267,"Dehati Disco",0
268,Dhokhe,0
269,"Dil Te Dil Tak",0
270,"Ezhu Kadal Thaandi",0
271,Farhana,0
272,Gehraiyaan,0
273,"Indian Police Force",0
274,"Kabzaa Hindi",0
275,"Kadamaiyai Sei",0
276,"King Of Kotha",0
277,"Mister Mummy",0
278,Musafir,0
279,"Nigah Marda Ayi Ve",0
280,Nishana,0
281,"Sab Moh Maaya Hai",0
282,"Seenu Dolu",0
283,"Shaadi Mubarak",0
284,"Shamshera Hindi",0
285,Shehzada,0
286,"Student Kota",0
287,"Takku Mukku Tikku Thalam",0
288,"Thank God",0
289,"Udeekan Teriyaan",0
290,"Vikram Hindi",0
291,"Yaaran Da Rutbaa",0
292,Yankee,0
293,Zohrajabeen,0
294,"Razaa E Ishq",0
295,Signature,0
296,"Trap Clap",0
297,"Truck Anthem",0
298,"Dear Dia",0
299,Bawaal,0
300,"Khalli Balli",0
301,Freddy,0
302,"Tiku Weds Sheru",0
303,CAT,0
304,"Rajini The Jailer",0
305,"Dhokha 2022",0
306,"Aashiqui Bhojpuri",0
307,"Tu Jo Nahi Hai Yaha",0
308,"Tu Meri Aashiqui",0
309,Kushi,0
310,"Tu You",0
311,"Janhit Mein Jaari",0
312,"Toolsidas Junior",0
313,"Gadar 2",0
314,"Vinveli Devathai",0
315,Understand,0
316,"Prithviraj Tamil",0
317,"Unki Aadat Si",0
318,Rudhran,0
319,Yeevaal,0
320,"U And Me",0
321,Viruman,0
322,"Thudikkum Karangal",0
323,Vair,0
324,"Sass Meri Ne Munda Jameya",0
325,"Code Name Tiranga",0
326,"Khichdi 2",0
327,Jawan,0
328,Vattam,0
329,"Naane Varuvean",0
330,"Mudhal Nee Mudivum Nee",0
331,"Do Baaraa",0
332,"Vekh Le Viah",0
333,"Varalaru Mukkiyam",0
334,"Venam Baby",0
335,Vendum,0
336,"Fukrey 3",0
337,"Rocky Aur Rani Kii Prem Kahaani",0
338,Khadari,0
339,"Jiivi 2",0
340,Bimbisara,0
341,"Yaar Mera Titliaan Warga",0
342,"Liger Hindi",0
343,"Jind Mahi 2022",0
344,"Khaao Piyo Aish Karo",0
345,"The Last Good Album",0
346,Fursat,0
347,EP,0
348,"Whats Beef",0
349,"Jahaan Chaar Yaar",0
350,"Where Do I Go",0
351,"Whips And Clips",0
352,"Prince Tamil",0
353,"Who Want It",0
354,Why,0
355,"Full Desi 2",0
356,Chatrapathi,0
357,"Wrong Route",0
358,W,0
359,"Yaadan 2",0
360,Haterz,0
361,Andhagan,0
362,"Yadav Brand 3",0
363,Sardar,0
364,"Monica O My Darling",0
365,Zwigato,0
366,Rangoli,0
367,"You And Me",0
368,"You N I",0
369,"You Talking To Me",0
370,Bajao,0
371,"Zindagi Banti Ho",0
372,"Zindagi Ke Rang",0
373,"Pathaan Tamil Version",0
374,"1 AM",0
375,"Oh Manapenne",0
376,"Aao Na",0
377,"Aao Sanam Jao Sanam (From &quot; Mere Chachu Ki Shadi&quot;)",0
378,"A Tribute to Jagjit Singh",0
379,"Aapna Koi Nahi",0
380,"Aap Khas Ho",0
381,"O Sanam (Greatest Hits : Lucky Ali)",0
382,Aara,0
383,"Aara Piya",0
384,"Aarti Sangrah",0
385,"Aarti Vol 3",0
386,"Laxmi Aarti",0
387,"Enna Solla Pogirai",0
388,"Aashiquii Kaa Gum",0
389,"Radhe Shyam - Hindi",0
390,"Aashiq Mud Na Jaawe",0
391,"Aas - Dil Da Ki Banuga",0
392,Pistha,0
393,"Mookuthi Amman",0
394,Aatishbaazi,0
395,Aatmvishvas,0
396,"Aawara Shaam Hai",0
397,Aawazein,0
398,"Aaya Jado Da",0
399,"Aaya Jado Da x Dholla",0
400,Bharat,0
401,"Time To Dance",0
402,Puaada,0
403,"Bhoot Police",0
404,"Aazmaa Le Ishq Mera",0
405,"My Dear Bootham",0
406,"Mubarak Ho Bali Hua Hai",0
407,"Above All",0
408,"Ab Aaja",0
409,Parwane,0
410,"Holiya Mein",0
411,"Ab Ke Sawan",0
412,"Ab Kya Jaan Legi Meri",0
413,"Ab Nahi Hogi Mulakate",0
414,"Ab Nahi",0
415,Hacked,0
416,"Ab Tere Bina",0
417,Bhoomi,0
418,"Achha Ve Achha",0
419,Rambo,0
420,"Naanga Romba Busy",0
421,"Adab Jatt",0
422,"Ada Pind ",0
423,"Adha Jisam",0
424,"Adha Pind 2",0
425,"Adha Shehar",0
426,Navarasa,0
427,Sarbath,0
428,"Adhoora Hoon",0
429,"Adhoori Kahaani",0
430,Adhura,0
431,Adipoli,0
432,Bachelor,0
433,Writer,0
434,"Adi Penne",0
435,"Aelay (Original Motion Picture Soundtrack)",0
436,Tadap,0
437,"Haathi Mere Saathi",0
438,"Ae Hay",0
439,"Ae Jaan Bhaag Chala Ho",0
440,"Ae Mere Des",0
441,"Ae Mere Dil",0
442,"Ae Raja Badaniya Tutata",0
443,"Ae Sanamm",0
444,Shikara,0
445,"Ae Watan",0
446,Afeem,0
447,Affair,0
448,"Afghani Tadka",0
449,"Dil Bechara",0
450,"Afsos Karoge",0
451,"After Party",0
452,"After You",0
453,"HIDDEN GEMS",0
454,"Agarr tumm naa hote",0
455,"Age 19",0
456,Age,0
457,"Agg Att Koka Kehar",0
458,Aghori,0
459,"Ahiran Ke Saman",0
460,Ailaan,0
461,Sooryavanshi,0
462,Malaal,0
463,Kalank,0
464,"Malum Hai Na",0
465,"Aise Hue Tere Bin",0
466,"Aise Kiu",0
467,"Aise Na Chhoro",0
468,Blessed,0
469,"The Main Man",0
470,"Aish Karengi",0
471,"Shubh Mangal Zyada Saavdhan",0
472,"The Power of Dreams of a Kid",0
473,"Jai Mummy Di",0
474,"Ajeeb Dastan (Cover Version)",0
475,"Ajib Dastaan",0
476,"crowned head",0
477,Kesari,0
478,Ajnabi,0
479,"Snitches Get Stitches",0
480,"Akda Di Patti",0
481,"Teeja Punjab",0
482,"Akhaa Vich",0
483,"Akhan Di Laali",0
484,"Akhan Neeliya (feat. Rav-E Sandhu)",0
485,Wishlist,0
486,"Akhan Sujjiyan",0
487,"Mere Yaar",0
488,"Commando 3",0
489,"Tuesdays And Fridays",0
490,"Akhiyan Di Gal",0
491,Shiddat,0
492,Underrated,0
493,"Akh Da Dang",0
494,"Akh Radar",0
495,"Say My Name",0
496,"Akke Firde",0
497,"AK 47",0
498,Aladdin,0
499,"Koogle Kuttappa",0
500,"8 Chances",0
501,Alcohol,0
502,Gangaajal,0
503,Blank,0
504,"Ali Baba",0
505,"Romeo Akbar Walter - RAW",0
506,"Allah Maaf Kare",0
507,"Allah Meharbaan",0
508,"Allah Ve",0
509,"Alli Pookal",0
510,Rano,0
511,"All Bamb",0
512,"All Lies",0
513,"All White Nakhro",0
514,Alone,0
515,Alvida,0
516,"Always For You",0
517,Aly,0
518,"Durga Chalisa",0
519,"Ambran De Chann Warga",0
520,Tadipaar,0
521,"Shiva Shivaa Win Aattam Aarambam",0
522,"Mookuthi Amman (Original Background Score)",0
523,"Amma Jaye",0
524,Sufna,0
525,"Am Just Thinking",0
526,Anakh,0
527,Jango,0
528,"Anandan Wali Puri",0
529,"Annabelle Sethupathi",0
530,"Mumbai Diaries (Music from the Original Web Series)",0
531,Toofaan,0
532,"Sher Singh",0
533,Andata,0
534,Master,0
535,"And Band Bole Chora",0
536,I,0
537,Angelina,0
538,"Chak De Fatte 2021",0
539,"Angry Nature",0
540,Anjaan,0
541,Sanak,0
542,"Ankhiyaan Da Ghar",0
543,"Pati Patni Aur Woh",0
544,"Annaatthe Annaatthe (From &quot;annaatthe&quot;)",0
545,"Paris Paris",0
546,"Udanpirappe (Original Motion Picture Soundtrack)",0
547,Antidote,0
548,Anyone,0
549,Apart,0
550,"Apna Banauna",0
551,"Apna Jahaan",0
552,"Nothing Like Before",0
553,"Gully Boy",0
554,"APNA VIAH",0
555,Apne,0
556,"Apni Piwa",0
557,"Apni To Jaise Taise",0
558,"Fuffad Ji",0
559,Approch,0
560,Apsraa,0
561,Anbarivu,0
562,Arcade,0
563,"Area Ch Kath",0
564,"Are You Okay",0
565,"Are You Ready for the Big Bang",0
566,Hridayam,0
567,Baaraat,0
568,"Kombu Vatcha Singamda",0
569,Armani,0
570,"Arrogance vs. Attitude",0
571,Arthi,0
572,"Durga Stuti",0
573,"Asal Mein - Single",0
574,Ashiqui,0
575,"Happy Hardy And Heer",0
576,"Ashke Ashke",0
577,"Holiday - A Soldier Is Never Off Duty",0
578,"Asin Pindan Alley",0
579,"Asku Maaro",0
580,Asla,0
581,"Asla Once Again",0
582,"Asla Vs Masla",0
583,"Asla vs Suit",0
584,"Asli Gernator",0
585,"Gunjan Saxena",0
586,Asool,0
587,"Aso Ke Holi",0
588,"Astronaut - Aide-Memoire",0
589,"AS-SALAM WALEKUM",0
590,"Athra Style (From&quot;Yes I Am Student&quot;)",0
591,Attaboy,0
592,Attachment,0
593,"Attitude American",0
594,Attitude,0
595,"Attitude (feat. Fateh &amp; Inderpal Moga)",0
596,"Chandigarh Kare Aashiqui",0
597,"Att Da Shikari",0
598,Att,0
599,"Att Look",0
600,"My Turn",0
601,Badla,0
602,Aukaat,0
603,"Aunde Rahe",0
604,"Aundi Kudiye",0
605,"Kya Meri Sonam Gupta Bewafa Hai",0
606,"Aur Kuch Nahi",0
607,"Main Prem Ki Diwani Hoon",0
608,"Aur Pyaar Karna Hai",0
609,"Love Aaj Kal",0
610,"Awaara 2020",0
611,"Awaara Bhanware - Dhrriti Saharan",0
612,"Dilli Kaand",0
613,Awaaz,0
614,"Dabangg 3",0
615,"Aashiq, Vol. 1",0
616,"Aya Ladiye",0
617,"Aye Didi Jija Ji",0
618,"Aye Hai",0
619,"Aye Mere Dil",0
620,"Babloo Bachelor",0
621,Azaan,0
622,Aziyat,0
623,"Baadlon Se Aage",0
624,"Baahan Teriyan",0
625,"Baahon Mein",0
626,Baaje,0
627,"Baaju Band",0
628,"Baaki Sab Theek Hai",0
629,"Baalma Dandiya Anthem",0
630,Baapu,0
631,"Baapu (Tunka Tunka)",0
632,"Yes I Am Student",0
633,Insaaf,0
634,Baarishein,0
635,"Baarish Ban Jaana",0
636,"Baarish Ki Jaaye",0
637,Unwind,0
638,Baarish,0
639,"Baari Barsi",0
640,Baari,0
641,Tehreek,0
642,"Baatan Puadh Kiyan",0
643,Baawla,0
644,"Baazi Sava Lakh Di",0
645,Baazi,0
646,"Baba 4",0
647,"Baba Ji",0
648,"Babbu Maan De Chele",0
649,"Babuni Tere Rang Mein",0
650,"Babuni Trend Kar Rahi Ho",0
651,"Babu Aao Na",0
652,"Baby Bewafa",0
653,Baby,0
654,"Bachava (Save Her)",0
655,"Bachcha Party",0
656,"Bachdiyan Naa",0
657,"Bacheyan Di Maa",0
658,"Bachpan Ka Pyaar",0
659,"Bachpan Ki Yaari",0
660,"Bach Goriye",0
661,"Bach Ke Rehna (Red Notice)",0
662,"Back End",0
663,"Back Pe Attack",0
664,"Back to Start",0
665,"Badama Wali Kheer",0
666,"Badami Rang",0
667,Badami,0
668,"Badan Pe Sitare Ft. Asim Riaz And Sehnoor",0
669,"Bad&#039;dua (Original Score)",0
670,"Badi Asaani Se",0
671,"Tips Rewind A Tribute To Jagjit Singh",0
672,"Housefull 4",0
673,Badle,0
674,"Badmashi (feat. Gurlez Akhtar)",0
675,Badmashi,0
676,"The Future",0
677,"Badmash 2",0
678,Badma,0
679,Badnaam,0
680,Badnamiyan,0
681,"Badnam Gabru",0
682,"Ha Kar De Meri Moto",0
683,"Singga Bolda Veere",0
684,"Badnam Rahn De",0
685,Badshah,0
686,"Bad boys (feat. Inderpal Moga)",0
687,"Suraj Pe Mangal Bhari",0
688,"Bad Boy",0
689,"Bad Boy Life",0
690,"Bad Boy X Bad Girl",0
691,"Bad Circumstance",0
692,"Bad Habits",0
693,"Bad Job",0
694,"Bad Munda",0
695,"Bad Name",0
696,"Bad Thought",0
697,"Bagad - Single",0
698,Bagalwali,0
699,Bagawat,0
700,"Bagdo Nachi Samman Me (feat. Sapna Chaudhary &amp; Kay D)",0
701,Bagdo,0
702,Bagheera,0
703,"Bagli Me Jahar Layenge",0
704,Bahana,0
705,Bahane,0
706,"Yaad (A Name To Remember)",0
707,"Bahla Changa",0
708,"Bahot Roye",0
709,"Sivakumarin Sabadham",0
710,"Sandwich 2006",0
711,"Bahu Nachi Kilki Pati",0
712,"Bahu Nai Naveli",0
713,"Bahu Pataka",0
714,"Bahu Set Falane Ki",0
715,"Bahu Ya Chala - Single",0
716,"Baila Conmigo",0
717,Kaagaz,0
718,"Ramaiya Vastavaiya",0
719,"Baithe Baithe",0
720,"Baithoon Nayee Balero Main",0
721,"Bai Bai",0
722,"Next Chapter",0
723,Bajo,0
724,"Bajre Da Sitta",0
725,Cash,0
726,"Balam Gud Gudiya Barata",0
727,"Balam Ka System",0
728,"Balam Mera Atyachari",0
729,"Balam Mera",0
730,Balayein,0
731,Balcony,0
732,Jersey,0
733,"Addi Tappa",0
734,"Balle Balle",0
735,Balle,0
736,"Bal Gopala",0
737,Laxmii,0
738,"Bambiha Bole",0
739,"Bamb Grenade",0
740,Banadi,0
741,"Monsoon with DIVINE",0
742,"Banda Maar Du",0
743,"Banda Maar",0
744,Bandeh,0
745,"Sardar Ka Grandson",0
746,Bandeya,0
747,"Guns of Banaras",0
748,"Bande Khani",0
749,"Bande Thik Ni",0
750,"Jawaani Jaaneman",0
751,Bandook,0
752,"Bandook Bole Se",0
753,Helmet,0
754,Bangliniya,0
755,Banglo,0
756,Bangroo,0
757,Bang,0
758,Banjaran,0
759,Banjara,0
760,"Banke Chale Morni",0
761,"Banke Tu Baarish",0
762,"Ganga Ki Kasam",0
763,"Banna Re",0
764,Dhindora,0
765,"The Blood",0
766,Bhavai,0
767,"Hum Do Humare Do",0
768,"Bantai Ki Public",0
769,"Ban Pindan Aale",0
770,"Ban Than Dole",0
771,Bapu,0
772,"Bapu Bamb Banda",0
773,"Bottles &amp; Guns",0
774,"Quarantine In Punjab",0
775,"Bapu Tere Karke",0
776,Baraat,0
777,"Durgamati - The Myth",0
778,Squad,0
779,Humshakals,0
780,Barbaad,0
781,"Barbie Doll",0
782,Bareli,0
783,Barish,0
784,Barood,0
785,"Jagame Thandhiram 2021",0
786,Barsaat,0
787,Judaiyaan,0
788,"Barsaat Ki Dhun",0
789,Barsi,0
790,Ved,0
791,"Super 30",0
792,Basanti,0
793,"Bas Ek Tera Main Hoke",0
794,"Bas Kar Bas Kar",0
795,"Bas Kar Pagli",0
796,"Bas Terre Ho Gaye",0
797,"Batch Wali Chhori - Single",0
798,Bateu,0
799,"Batista Bomb",0
800,"Motichoor Chaknachoor",0
801,Navjeeta,0
802,Batua,0
803,"Bawli Hori Se",0
804,"Bawra Man",0
805,Bazaar,0
806,"Ba Khuda",0
807,"Beat Do",0
808,"Virgin Bhanupriya",0
809,Beautiful,0
810,"Beauty Parlour",0
811,"Bebe Bapu",0
812,"Beby Farebee",0
813,"Bechain Jawani",0
814,"Delhi Belly",0
815,"Bedardi Se Pyaar Ka",0
816,Beedi,0
817,Beef,0
818,"Befikar Raho",0
819,"Befikra (feat. Kamzinkzone)",0
820,"Begane Chehre",0
821,"Begane Putt",0
822,Begum,0
823,Behaal,0
824,Behad,0
825,"Behind Barz",0
826,"Bole Naina - Silences Speak",0
827,Darbaan,0
828,Bekaar,0
829,"Kabir Singh",0
830,"Belafz Baatein",0
831,Beliyaa,0
832,Beliya,0
833,"Bell Bottom",0
834,Bepanah,0
835,"Bepanah Ishq",0
836,"Bepanah Pyaar",0
837,"Bepannah 2.0 (Sad Version)",0
838,Beparwah,0
839,Beparwaiyaan,0
840,Beparwaiyan,0
841,Pagglait,0
842,"Berozgaari Ke Saar Bhail Ba",0
843,"Berukhi (Original Score)",0
844,"Mr. Nair",0
845,"Besharam Bewaffa",0
846,"Besharam Jana Bewafa",0
847,"Besharam Si Nazrein",0
848,Besharmi,0
849,"Best Of 2021 Mashup (End Year 2021 Mashup) (feat. DJ DALAL London)",0
850,"Betiyaan Pride Of Nation",0
851,"Better Half",0
852,"Nobody Is Listening",0
853,Bewafaiyan,0
854,"Bewafai Ke Award Leke Ja",0
855,Bewafai,0
856,"Bewafao Se Savdhan",0
857,Bewafayi,0
858,"Bewafa 2",0
859,"Bewafa Ae Dil",0
860,Bewafa,0
861,"Bewafa Saheli",0
862,"Bewafa Tera Masoom Chehra",0
863,"Bewafa Tera Muskurana",0
864,Beydil,0
865,"Street Dancer 3D",0
866,"Be Intehaan Sa",0
867,"Be Mine",0
868,"Be Ready",0
869,"Bhaag Thande",0
870,Bhabhiye,0
871,"Bhabhi Bhabhi",0
872,"Bhabhi Sang Devar",0
873,Mela,0
874,Bhabi,0
875,"Radak (The First Chapter)",0
876,"Bhabi x2",0
877,Bhagat,0
878,"Bhaga Aala",0
879,"Bhaiya Rangle Naya Saari",0
880,"Bhuj The Pride Of India",0
881,"Bhai Bhai",0
882,"Antim - The Final Truth",0
883,"Bhala Kare Bhagwan",0
884,Bhammariyo,0
885,"Bhangre Paine Hi Paine",0
886,"Baaghi 3",0
887,Bharosa,0
888,"Bhartar 2",0
889,Bhartar,0
890,"Bhatar Aiba Ki Na",0
891,"Bhatar Mange Puppy",0
892,"Bhatar Sanghe DP",0
893,"Bhatar Tohar Rowat Hoi",0
894,"Bhauji Khola Na Kewadi",0
895,"Bhauji Ko Rang Na Lagana Hai",0
896,"Roohi (Original Motion Picture Soundtrack)",0
897,Amavas,0
898,"Khandaani Shafakhana",0
899,"Bheegi Bheegi",0
900,"Bheeg Jaunga",0
901,"Bhen Teri",0
902,"Bhitar Ke Titar - Single",0
903,"Bholenath Ki Shaadi",0
904,"Bhole Di Baraat, Pt. 2",0
905,Bhole,0
906,"Bhole Shankar",0
907,Bhuaa,0
908,"Bhula Diya - Single",0
909,"Bhula Dunga",0
910,"Bhula Na Teri Baatein",0
911,"Bhulekha Maan Da",0
912,Bhulekha,0
913,"Bhule Nahin Hain Hum",0
914,"Bhull Jaan Waaleya",0
915,"Yaarian Dildariyan",0
916,Biana,0
917,Panga,0
918,"Bibi Bamb Returns",0
919,Bicchua,0
920,Bichola,0
921,83,0
922,"Bigad Geya (feat. Gaurav Zone)",0
923,"My Game",0
924,"Big Boss",0
925,"Big Day",0
926,"Big Life",0
927,"Big Mad",0
928,"Bijlee Bijlee",0
929,Bijli,0
930,"Bijli Ki Taar",0
931,Bikhrahoon,0
932,"Bille Bille Nain",0
933,"Billi Billi Aankh",0
934,"Billos Town",0
935,"Billouri Akhiyan",0
936,"Billo Tu Agg",0
937,"Bill Tere Paarh Dite",0
938,Bimariyan,0
939,"Bin Bole Baby Tu",0
940,"Bin Bulaye",0
941,"Bin Tere Bhi Rehlenge",0
942,XL,0
943,"Biraj Mein Holi Khele Nandlal",0
944,"Birthday Boy",0
945,"Jugni 2021",0
946,Birthday,0
947,"Birthday Pawri",0
948,"Birthday Yaaran Nal",0
949,"Bismillah 2",0
950,Moosetape,0
951,Blackia,0
952,"Black Coffin",0
953,"Black Heart (From &quot;Retake&quot;)",0
954,"Black Jays",0
955,"Black Karda",0
956,"Black Life",0
957,"Black Munde",0
958,"Black Pranda",0
959,"Black Sheep",0
960,"Black &amp; White",0
961,"Blame Game",0
962,"The Gorilla Bounce",0
963,"Blessings of Brother",0
964,"Blessings of Sister",0
965,Bless,0
966,Block,0
967,Blood,0
968,"Blouse Ke Batan - Lagan Special",0
969,"Bodha Devadha",0
970,Bodyguard,0
971,"Boht Tej",0
972,"Kala Shah Kala",0
973,"Boliyan Da Mashup",0
974,"Boli Jaan De",0
975,"Boli Te Boli",0
976,"Bollywood Wala Dance",0
977,"Bolna Pea 2",0
978,"Bolo hau",0
979,"Bol Kaffara Kya Hoga - Dj Chetas",0
980,"Bol Waheguru",0
981,"Bombay Nu Baraat",0
982,Raja,0
983,"Down To Earth",0
984,"Bomb Bomb",0
985,"Bomb Parmanu",0
986,"Bona Bateu - Single",0
987,"7 Kadam",0
988,"Bonito Billo",0
989,Booha,0
990,"Boom Boom",0
991,"Boost Up",0
992,"Booty Shake",0
993,Trendsetter,0
994,"Bore Alone",0
995,Borla,0
996,"Borla Chandi Ka",0
997,"Born 84",0
998,"Born Brave",0
999,"Bossman (feat. Dr. Kush)",0
1000,Botal,0
1001,"Bounce Back",0
1002,Boutique,0
1003,"Bp High",0
1004,Braat,0
1005,Brand,0
1006,"Breaking the Rules",0
1007,"Break Free",0
1008,"Break Out",0
1009,"Broken Heart",0
1010,Broken,0
1011,"Brown Eye",0
1012,"Brown Munde",0
1013,"Bro Oye",0
1014,"Bubble Gum",0
1015,"Buddhi Nu Matke",0
1016,"Gulabo Sitabo",0
1017,"Buhe Bariyan",0
1018,"Built in Pain",0
1019,"Hum Bhi Akele Tum Bhi Akele",0
1020,"Bulla Ki Jaana Mein Kaun",0
1021,"Bulletava Pa",0
1022,Bullet,0
1023,"Bullet Proof",0
1024,Bulleya,0
1025,Notebook,0
1026,Bungla,0
1027,"Bunty Aur Babli 2",0
1028,"Burj Khalifa",0
1029,"Butta Bomma",0
1030,Butterfly,0
1031,"Butterfly Wale (feat. Deepti Sadhwani)",0
1032,Butter,0
1033,"But Why",0
1034,Byaah,0
1035,"Byah - Single",0
1036,"Byah Ka Ladoo",0
1037,"By Chance",0
1038,"By God",0
1039,"By Myself",0
1040,B-Town,0
1041,Cadillac,0
1042,"Call History",0
1043,Call,0
1044,"Call Waiting",0
1045,Canada,0
1046,"Canada Wale",0
1047,"Canadian Boliyan",0
1048,"Candle Light",0
1049,Candyman,0
1050,"Carbon Copy",0
1051,Care,0
1052,"Care Na Kare",0
1053,Chhalaang,0
1054,Carrera,0
1055,"Carried Away",0
1056,"Carrom Ki Rani",0
1057,"Car Jatt Di",0
1058,"Car Shookdi",0
1059,Casanova,0
1060,"Casa Bella",0
1061,"Cash Flow (feat. Loco Grim)",0
1062,Casino,0
1063,"SK Is the Future",0
1064,"Chaabi Gaddi Di",0
1065,CHAAH,0
1066,"Chaal Kasuti S - Single",0
1067,"Chaand Baaliyan",0
1068,"Chaap Tilak",0
1069,"Chaar Chudiyaan",0
1070,"Chaar Dina Da Mela",0
1071,"Chaar Sahibzaade",0
1072,"Chaa Laazmi",0
1073,"Chachi Ke Baachi Sapanwa Me Aati Hai",0
1074,"Chadhte Laganiyan Ae Jaan",0
1075,"Chad Gaila Stage Pe",0
1076,"Chah Da Rang",0
1077,"Chain Sone Ki",0
1078,"Galatta Kalyaanam",0
1079,"Atrangi Re",0
1080,"Chak Begani",0
1081,"De De Pyaar De",0
1082,"Chale Aao",0
1083,"Chale Aatein Hai",0
1084,"CHALE BHI JAO",0
1085,"Chali Chali (From &quot;Thalaivi&quot;)",0
1086,Thalaivii,0
1087,"Chali Kabhi",0
1088,Challa,0
1089,Challenger,0
1090,Challenge,0
1091,"Chall Balliyae",0
1092,"Chal Dowe",0
1093,Ringtone,0
1094,"Chal Geya Smaan",0
1095,"Chal Koi Na (Let it go)",0
1096,"Sadak 2",0
1097,"Chamakelu Notiya Carrency Niyar",0
1098,"Chamak Challo",0
1099,"Chamak Chundadi",0
1100,"Chamak Dhoop Ki - Single",0
1101,Chamber,0
1102,Chamche,0
1103,"Chamkaur To 84",0
1104,Chamkila,0
1105,"evermore (deluxe version)",0
1106,Champion,0
1107,Champ,0
1108,"Chandani Bargi",0
1109,"Hello Charlie",0
1110,Aadhaar,0
1111,"Chanda Jhaanke",0
1112,"Chandigarh Gye Jatt",0
1113,"Chandigarh Jheel",0
1114,"Virsa Bolda 2021",0
1115,"Good Newwz",0
1116,"Chandigarh Parhda",0
1117,"Chandigarh Sold Out",0
1118,"Chandi Di Dabbi",0
1119,Chandrashekhar,0
1120,Chandrawal,0
1121,Chandro,0
1122,"Chand Chand",0
1123,Chand,0
1124,"Chanel Mehak Da",0
1125,"Honsla Rakh",0
1126,Changa,0
1127,"Changey Mundey",0
1128,"Change ho Gayi",0
1129,"Changi Ni Kiti",0
1130,Channa,0
1131,"Channa Veh Channa",0
1132,"Bhoot - Part One: The Haunted Ship",0
1133,"Ucha Pind",0
1134,"Chann Chann",0
1135,"Chann Ji Taras Kareo",0
1136,"Chann Kithan",0
1137,"Chann Mahiya Ve",0
1138,"Chann Te Daag",0
1139,"Chan Chan - Single",0
1140,"Chan Vekhya",0
1141,"Chan Ve",0
1142,Chaos,0
1143,Charcha,0
1144,Charche,0
1145,"Ik Sandhu Hunda Si",0
1146,Chardikala,0
1147,"Charged Up",0
1148,"Medicine At Midnight",0
1149,"Chaske Tere",0
1150,"Chatak Chalungi Main Matak Chalungi",0
1151,"Chatak Matak",0
1152,"Chatata Telchata",0
1153,"Dil Hi To Hai",0
1154,Chaudhary,0
1155,"Cheater Boy",0
1156,Checkmate,0
1157,"Chehre 2021",0
1158,Chehre,0
1159,Doctor,0
1160,Chemicals,0
1161,"Chhaap Tilak",0
1162,"The Girl On The Train",0
1163,Chhapaak,0
1164,"CHHATHI MAIYA BULAYE",0
1165,"Chhel Chhabeli",0
1166,Chhitte,0
1167,"Chhora Chhori Club Mein",0
1168,"Chhora Dhoti Aala",0
1169,"Chhora Fauj Mai",0
1170,"Chhor Denge (Feat. Nora Fatehi)",0
1171,"Chhoti Tohara Choti Se Chot Lagata",0
1172,"Chhot Pichkari",0
1173,"Holi Dhamaka 2021",0
1174,"Chhuta Hain Dil",0
1175,"Chidiya Da Chamba",0
1176,Chidiya,0
1177,"Chidi Chidi (From &quot;Madam Chief Minister&quot;)",0
1178,"Chidi Udd Kaa Udd",0
1179,"Chief Guest",0
1180,"Chill Mode On",0
1181,"Chill Mode",0
1182,"Chimta Bolda",0
1183,"Chinta Na Kar (From &quot;Hungama 2&quot;)",0
1184,Chithiyaan,0
1185,Chithi,0
1186,"Chitiyan Kalayian",0
1187,"Chiti Kheshi",0
1188,"Level Up",0
1189,"Chitte Baane",0
1190,Chitthi,0
1191,"Chittiyan Kalaiyan",0
1192,"Chit Badli Khiya Ke",0
1193,Chobara,0
1194,Chobbar,0
1195,"Chocolate (From &quot;Sangeetkaar&quot;)",0
1196,Chocolate,0
1197,Ragasur,0
1198,"Choodiyan - Single",0
1199,"Choom Lun",0
1200,Choorha,0
1201,"Chora Gaam Ka",0
1202,"Chori Baliye",0
1203,"Chori Chori",0
1204,"Chota Number",0
1205,"Chote Sahibzaade",0
1206,"Chote Sahibzade",0
1207,"Krishna Bhajan - Choti Choti Gaiya",0
1208,"Choti Choti Gallan",0
1209,Mimi,0
1210,"Ikko - Mikke",0
1211,"Chubare Wali Baari",0
1212,"Chubhti Hai Saansein",0
1213,Chudiyan,0
1214,"Chumma 4 Go",0
1215,"Chumma Deb Aitwar Ke",0
1216,"Naya Saal Me Chumma Le La",0
1217,"Chumma Rap Song",0
1218,"Chunari Jhalkaua - Ritesh Pandey",0
1219,"Chunar Choli",0
1220,Chundadi,0
1221,Chundad,0
1222,Chunni,0
1223,"Chunriya - Single",0
1224,"Chup Chup Milna - Single",0
1225,"Chup Na Raho",0
1226,Chup,0
1227,Churaya,0
1228,"Chura Ke Dil Mera (From &quot;Hungama 2&quot;)",0
1229,"Chura Liya Hai Tumne",0
1230,"Chura Liya",0
1231,"Churey Wali",0
1232,Churi,0
1233,"Chu Gon Do",0
1234,Circle,0
1235,"Clara My Name Is Clara (From &quot;Laabam&quot;)",0
1236,Classmate,0
1237,"Classy Jatt",0
1238,"Classy Profile",0
1239,Clock,0
1240,Solace,0
1241,"Coat Caaran Ghore",0
1242,"Luka Chuppi",0
1243,Cocktail,0
1244,Coco,0
1245,"Coco Cola",0
1246,Coffee,0
1247,"Funzoa Songs, Vol. 11",0
1248,"Cold Blood",0
1249,Colgate,0
1250,"College Ki Chhori",0
1251,Collgate,0
1252,"Come My Way",0
1253,Conflict,0
1254,Confused,0
1255,"Confused Jatt",0
1256,Chhichhore,0
1257,Controversy,0
1258,Convince,0
1259,Cooldown,0
1260,"Coolie No. 1",0
1261,Cooper,0
1262,Copyright,0
1263,"Cop Cop",0
1264,"Courage Not Loose",0
1265,"Cover Me In Sunshine",0
1266,Crazy,0
1267,"Arjun Patiala",0
1268,"Crazy Lady",0
1269,"Crazy Life 2",0
1270,Cream,0
1271,Crew,0
1272,CRIB,0
1273,"Cricket Khidaiye",0
1274,Crime,0
1275,"Criminal Crush",0
1276,"Criminal Munda",0
1277,"Criminal Yaar",0
1278,"Cross Parcha",0
1279,Crowd,0
1280,Crush,0
1281,"Corona Kumar",0
1282,Curfew,0
1283,Current,0
1284,"Cutie Pie",0
1285,"C Maan Gaya",0
1286,"Daade Ki Gun",0
1287,Daag,0
1288,Daaka,0
1289,Daaku,0
1290,Daang,0
1291,"Daang Khadke",0
1292,"Daante Katab",0
1293,"Daaru 24X7",0
1294,"Daaru Aali Jidd - Single",0
1295,"Daaru Band",0
1296,"Daaru Da Sahaara",0
1297,"Daaru Ki Peti",0
1298,"Daaru Peeno",0
1299,"Daaru Pee Ke",0
1300,"Why Cheat India",0
1301,Daastan,0
1302,Dabbang,0
1303,"Dabda Ni",0
1304,"Dabde Ni",0
1305,"Dabya Ni Karde",0
1306,"Dada Ravan",0
1307,"Dadi Ji De Lal",0
1308,"Dad Da Jawai",0
1309,"Daffa Ho",0
1310,Dagaa,0
1311,Dakait,0
1312,"Dakke Firde",0
1313,Damad,0
1314,"Daman Aali Jhol",0
1315,"Dance Like",0
1316,"Dance Meri Rani",0
1317,Velan,0
1318,"Dangerous Eyes",0
1319,Dangerous,0
1320,"Danger Life",0
1321,"Danka Baja (From &quot;Mumbai Saga&quot;)",0
1322,Daraar,0
1323,"Darani Jithani 2",0
1324,"Dardi Aa",0
1325,"Dard Kitna Hai",0
1326,"Dard Tere",0
1327,"Dard Viah Da",0
1328,"Dark Nights",0
1329,Darling,0
1330,"Darmi Cool - Single",0
1331,"Darr Ke Aage Jeet Hai - Sukhwinder Singh",0
1332,"Daru De Record",0
1333,"Daru Hor Piyade",0
1334,"Daru Vs Me",0
1335,Dashboard,0
1336,"Dass Jatta",0
1337,"Dastaan E Ishq",0
1338,Dastan,0
1339,"Das Kon",0
1340,"Date Kar Le",0
1341,Dawood,0
1342,Dayger,0
1343,"Day Ones",0
1344,Dd1,0
1345,"Dead Body",0
1346,"Dead Roads",0
1347,"Deaf &#039;n&#039; Dumb",0
1348,Deal,0
1349,"Dear Mama",0
1350,December,0
1351,Deception,0
1352,"Dedh Inch",0
1353,"Dedicate For Love",0
1354,"Saregama Bare",0
1355,"Deewana Humke Bana Gail",0
1356,Deewane,0
1357,"Deewangi Ki Raat",0
1358,"Degree Wale Yaar",0
1359,"Seven Rivers",0
1360,"Deho Sajan Aaseesareeaa",0
1361,"Dekha Gaari Mat Da",0
1362,"Dekha Hai Jabse Tujhe ",0
1363,"Dekhe Saare Khwaab",0
1364,"Delhi Sheher",0
1365,"Delhi Waaliye",0
1366,"Delhi Wali Dil Leke Bhagal",0
1367,Demanda,0
1368,"Demand Saukan Ki",0
1369,Demand,0
1370,Demon,0
1371,"Deo Asees Nanak",0
1372,Depend,0
1373,"Dera Daang Te",0
1374,Desiyan,0
1375,"Desi Banda",0
1376,"Desi Bill Gate - Single",0
1377,"Desi Chora",0
1378,"Desi Haan Ji",0
1379,"Desi Katta",0
1380,"Des Malwa",0
1381,"Devare Ke Pichkari Best Ba",0
1382,Devdas,0
1383,"Deve Na Jawab",0
1384,"Devra Gaal Misi Misi - Single",0
1385,"Dewar ji Aah Dewar ji",0
1386,"De Daroo",0
1387,"De Ijaazat",0
1388,"De Una Vez",0
1389,"Dhadak Dhadak",0
1390,Dhadkan,0
1391,"Dhake Suti Le Teddy Bear",0
1392,Dhakka,0
1393,"Dhakka Laga Bukka From Tandav",0
1394,"Dhalde Suraj",0
1395,"Dhamaka Hoi Aara Mein",0
1396,Dhanwaad,0
1397,Dhanyawad,0
1398,"Daadi Ji 2",0
1399,"Dhan Dhua Ho Jai",0
1400,"Dharala Prabhu",0
1401,"Dhaun Cho Killa",0
1402,"Dheeme Dheeme",0
1403,"Dheeyan (The Pride of Father)",0
1404,"Dhila Jurha",0
1405,"Dhillu Ka Byah 1990",0
1406,Dhodiya,0
1407,"Dhoghad - Single",0
1408,Dhokebaaz,0
1409,Dhokha,0
1410,"Dhokha (feat. Amar Singh Chamkila &amp; Amarjot)",0
1411,"Dhokhebaaz Ho Gaya",0
1412,"Dhokhe Baaz",0
1413,"Dhola Suit",0
1414,"Dhola Ve",0
1415,"Dholida Dhol Re",0
1416,Dholna,0
1417,"Top 3 OF Gulzaar Chhaniwala",0
1418,"Dhoondein Sitaare",0
1419,"Jabariya Jodi",0
1420,"Dhoor Pendi",0
1421,"Dhuaan Dhuaan",0
1422,"Dhua Dhua",0
1423,"Dhund Di Khushboo",0
1424,Dhup,0
1425,"Dhyan De",0
1426,"Dial 100",0
1427,"Diamond Ka Borla",0
1428,"Diamond Ka Haar",0
1429,"Diamond Ring",0
1430,"Didi Ke Devar Jas Chahi Laika",0
1431,Diet,0
1432,Different,0
1433,"Different Rule",0
1434,"Dilaan De Rajya",0
1435,"Dilaan Utte Raaj",0
1436,Dilbar,0
1437,"Shubh Vivah",0
1438,Dildari,0
1439,Dilliwaliye,0
1440,"Dilli Kasuti",0
1441,Dilwale,0
1442,"Dilwe Nikal Li",0
1443,"Dil Ali Baat",0
1444,"Dil Badnaam",0
1445,"Dil Beimaan",0
1446,"Dil Chahte Ho",0
1447,"Dil Ch Bhuchaal",0
1448,"En Route",0
1449,"Radhe - Your Most Wanted Bhai",0
1450,"Dil De Naal",0
1451,Myrah,0
1452,"Dil Di Gal",0
1453,"Dil Di Queen",0
1454,"Dil Di Rani",0
1455,"Dil Do Kisi Ek Ko",0
1456,"Dil Galti Kar Baitha Hai (Feat. Mouni Roy)",0
1457,"Dil Ghayal Kare Ankhiya Ke Kajrava",0
1458,"Dil Haare",0
1459,"Dil Hai Deewana",0
1460,Ludo,0
1461,"Dil Kare Chori",0
1462,"Dream Girl",0
1463,"Dil Ka Thikana",0
1464,"Dil Ke Kagaz Pe",0
1465,"Dil Khol Do",0
1466,"Dil Kisi Se",0
1467,"Dil Ki Aadat",0
1468,"Dil Ko Karaar Aaya (Reprise)",0
1469,"Dil Ko Karaar Aaya (From &quot;Sukoon&quot;)",0
1470,"Dil Ko Maine Di Kasam",0
1471,"Dil Ko Mere",0
1472,"Dil Kya Kahe",0
1473,"Universally SANAM",0
1474,"Dil Lai La",0
1475,"Dil Lauta Do",0
1476,Achanak,0
1477,"Dil Lutgayi",0
1478,"Dil Mai Basaya",0
1479,"Dil Mangdi",0
1480,"Dil Mein Jigar Main",0
1481,"Mission Mangal",0
1482,"Dil Melt Karda (From &quot;Haseen Dillruba&quot;)",0
1483,"Dil Mera Blast - Single",0
1484,"Dil Mera",0
1485,"Dil Na Dukha",0
1486,"Dil Na Lagaiti Harjayi Se",0
1487,"Dil Na Todunga",0
1488,"Dil Na Tod Dai",0
1489,"Dil Ne",0
1490,"Dil Nu Dildaar",0
1491,"Dil Sada",0
1492,"Dil Sambh Lai",0
1493,"Dil Sohniye",0
1494,"Dil Ta Bacha Eh ",0
1495,"Dil Tera Deja",0
1496,"Indoo Ki Jawani",0
1497,"Dil Tera V Darda",0
1498,"Dil Tere Bina",0
1499,"Dil Tere Bin",0
1500,"Dil Tere Nu",0
1501,"Dil Tere Ute Agya",0
1502,"Dil Todna",0
1503,"Dil Todne Se Pehle",0
1504,"Dil Todta",0
1505,"Adhi Tape",0
1506,"Dil Tod Ke",0
1507,"Dil Tudwa Ke",0
1508,"Dil Tune Toda Hai",0
1509,"Dil vs Watt",0
1510,"DIL WAPIS KARDO",0
1511,"Dil Yaar Da",0
1512,Kurup,0
1513,"Kurup - Hindi",0
1514,Mirzapur,0
1515,"Disco Balma",0
1516,"Punya Paap",0
1517,Dishonest,0
1518,"Distance - Aide-Memoire",0
1519,"Distance Love",0
1520,Disturb,0
1521,Diva,0
1522,"Diwali 2",0
1523,"Diwana Tera",0
1524,"Dj Aale Babu",0
1525,"DJ Bajwadungi 2",0
1526,"DJ Bajwadungi 3",0
1527,"DJ Na Rok Die",0
1528,"Dj Pe Nachungi",0
1529,"DJ Remix Love Sayari Boom",0
1530,"DJ Remix Love Shayari Oye Oye",0
1531,"DJ Remix Sad Shayari Bumper",0
1532,"Dj Wala Gaana",0
1533,"DNA Mein Dance",0
1534,"Dobara Alvida (From &quot;Dobara Alvida&quot;)",0
1535,Dogar,0
1536,"Dole Laadle",0
1537,"Doli Me Na Baithinhe",0
1538,"Dollaran De Bag",0
1539,"Dont Ask",0
1540,"Dont Be the One",0
1541,"Dont Care",0
1542,"Don&#039;t Know Why",0
1543,"Dont Like",0
1544,"Don&#039;t Trust",0
1545,Don,0
1546,"Doob Gaye",0
1547,"Dooja Pyaar",0
1548,Dooriyan,0
1549,"Door Hoke Bhi Tu",0
1550,"Door Ho Gaya",0
1551,"Door Thara Gaam",0
1552,Doremon,0
1553,"Dosti (From &quot;RRR&quot;)",0
1554,"Double Barrel",0
1555,"Doun Dilan",0
1556,Downfall,0
1557,"Do Din Ki Zindagi",0
1558,"Do Gallan",0
1559,"Do Ghoont",0
1560,Safar,0
1561,"Do Nain",0
1562,"Do Tarfa",0
1563,"Do Vaari Jatt",0
1564,"Choo Mandhira Kaali",0
1565,"Dreams Come True",0
1566,"Dream Mein Entry",0
1567,"Still Here",0
1568,Dream,0
1569,Dress,0
1570,"Drip Too Hard",0
1571,"Driver Truck Ke",0
1572,Droptop,0
1573,"Drunken Jatt",0
1574,"Drunk n High",0
1575,"Duaa Mein Yaad Rakhhna",0
1576,"Dua Kijiye",0
1577,Dua,0
1578,"Dubai vs. Canada",0
1579,"Dudh Rangiye",0
1580,Duffer,0
1581,"Dugo Rakhale Bani",0
1582,"DUI Rupya",0
1583,"Dujja Cup",0
1584,Dukh,0
1585,"Dukh Sukh",0
1586,"Dukki Tikki",0
1587,"Dularuwa Jija Ji",0
1588,"Duldi Sharab",0
1589,"Dulhan Bani Mai Apni Piya Ki",0
1590,Dullah,0
1591,Dumdaar,0
1592,"Hum Do Humare Do 2021",0
1593,"Dum Laga Ke Bum Hila",0
1594,Duniadaari,0
1595,Duniadari,0
1596,"Duniya Chhor Doon",0
1597,"Duniya Sari",0
1598,"Khaali Peeli",0
1599,"Dupatta Katal Kare",0
1600,Durango,0
1601,"RejctX 2",0
1602,"Each Other",0
1603,"East Side Flow",0
1604,"Vaanam Kottattum",0
1605,Echoing,0
1606,"Echo (with KSHMR)",0
1607,"Naai Sekar",0
1608,Seethayanam,0
1609,"Murungakkai Chips",0
1610,Eeswaran,0
1611,"Radhe Shyam",0
1612,Ego,0
1613,"Ehi Khaatir Aara Aile",0
1614,Ehsaas,0
1615,"Eh Ke Maye Ho Gaya",0
1616,EightCylinder,0
1617,"Ek Bewafaa",0
1618,"Ek Din",0
1619,"Ek Dua",0
1620,"Ek Husan Tera",0
1621,"Ek Ishare Pe Tere",0
1622,"Jhalliye Tu Rona Chad De",0
1623,"Ek Ladki Bheegi Bhaagi Si",0
1624,"Ek Rishta Se",0
1625,"Ek Tarfa",0
1626,"Ek Teri Khatir",0
1627,Marjaavaan,0
1628,"Angrezi Medium",0
1629,Elaan,0
1630,"Ellam Unnale",0
1631,"El Chapo",0
1632,"El Jatt",0
1633,Embassy,0
1634,"Kasada Tabara",0
1635,"Enakku Mattum",0
1636,"Ena Na Staya Kar (Dunia)",0
1637,"End Game",0
1638,Enemy,0
1639,Engagement,0
1640,"Engine Blow",0
1641,"Enjoy Enjaami",0
1642,"Oh My Kadavule",0
1643,"Ennam Pol Vazhkai",0
1644,"Thalli Pogathey",0
1645,"Enna Vazhka Da",0
1646,Teddy,0
1647,Yaaro,0
1648,Katteri,0
1649,"Eppadi Iruntha Naanga (From &quot;Sulthan&quot;)",0
1650,"Eppa Paarthaalum (From &quot;Aalambana&quot;)",0
1651,ERA,0
1652,Estupido,0
1653,Evidence,0
1654,Excuses,0
1655,Excuse,0
1656,Exotic,0
1657,"Expensive Cars",0
1658,Expensive,0
1659,"Ex Calling",0
1660,"Ex Girlfriend",0
1661,"Eyes on You",0
1662,"Eye Shot",0
1663,"Pushpa - The Rise",0
1664,"Faaslo Pe",0
1665,Faisla,0
1666,Fakeism,0
1667,"Fake A Smile",0
1668,"Fake Brother",0
1669,"Fake Love",0
1670,"Fake Promises",0
1671,Fakira,0
1672,"Fakira Da",0
1673,"Student of the Year 2",0
1674,"Falanwa Ke Beta Sapanwa Me Aata Hai 2",0
1675,"Fallin for You",0
1676,Family,0
1677,Famous,0
1678,Fanaa,0
1679,Faniyar,0
1680,Fantasy,0
1681,"Fan Fakkad Ka (feat. Subhash Fozi)",0
1682,"Fan Look Ka",0
1683,Faraar,0
1684,"Lazy POP",0
1685,Farak,0
1686,"Farak Pe Geya",0
1687,Fariyad,0
1688,Farmer,0
1689,"Farq Nahi Padta",0
1690,"Fashion Di Definition",0
1691,"Fashion Wala Suit",0
1692,"Fate (The Real Story)",0
1693,"Father Saab",0
1694,"Fatteh Chak",0
1695,Fault,0
1696,Favourite,0
1697,Feelings,0
1698,"Feeling Great",0
1699,"Feeling Seeling",0
1700,"Feeling You",0
1701,"Feel Hai",0
1702,"Vaazhl (Original Motion Picture Soundtrack)",0
1703,"Feem Aali Dabbi",0
1704,"King Pin",0
1705,"Feem Afghani",0
1706,Feem,0
1707,"Feem Jatti",0
1708,"FEEM WARGI",0
1709,"Few Days",0
1710,"Fikar Hai",0
1711,"Fikar Kardi",0
1712,Fikar,0
1713,"Fikkar Koi Na",0
1714,"Friends Matter",0
1715,"Filhaal2 Mohabbat",0
1716,Filhall,0
1717,Filmaa,0
1718,Finally,0
1719,"Fiqar Faridan",0
1720,Fiqar,0
1721,Fire,0
1722,"Fire Chalde",0
1723,"Fire Honge",0
1724,"Fire Jatt De",0
1725,"Fire Maare",0
1726,"Firse Machayenge",0
1727,"First Class",0
1728,"First Haryanvi Drill",0
1729,"First Kiss",0
1730,Fitrat,0
1731,"Fix This (feat. Raashi Sood)",0
1732,Flame,0
1733,"Flavour Hukka",0
1734,"Floating Through Space",0
1735,"Flood Back",0
1736,Flop,0
1737,"Flying Kiss",0
1738,Fly,0
1739,Focus,0
1740,"Fokke Laarey",0
1741,"Follow Karda",0
1742,Fond,0
1743,Foolad,0
1744,"Forget About It",0
1745,"For U Jannat Skoon",0
1746,"Freakin Love",0
1747,"Freestyle 21",0
1748,Freestyle,0
1749,"Litti Chokha",0
1750,"Free Style",0
1751,"Frod Balma",0
1752,"Fulla Aali Jutti",0
1753,"Fully Loaded",0
1754,"Fursat Hai Aaj Bhi",0
1755,"Future Plan",0
1756,"Gaali Si Lagti Hai",0
1757,"Gaal Bhulke Aagi",0
1758,"Gaana Tere Yaar Da",0
1759,"Gaandu Kannamma",0
1760,Gaani,0
1761,"Gaani Yaar Di",0
1762,"Gaat Me Kat - Single",0
1763,Gabhru,0
1764,"Gabru Chan Warga",0
1765,"Gabru Da Naam",0
1766,"Gabru De Naa Karke",0
1767,Gabru,0
1768,"Gabru - Kamaal Khan",0
1769,Ghagra,0
1770,Gutt,0
1771,"G Loss",0
1772,G-Wag,0
1773,"Hasdi Reya Kar",0
1774,"Holi Mein De De Chumma",0
1775,"Holi Mein Sadhu Aya Hai",0
1776,Hollari,0
1777,"How Many",0
1778,"Hoyi Bhatijwa Holi Mein",0
1779,Ishq,0
1780,"Jack n Jill",0
1781,"Jee Ni Karda",0
1782,"Juda Kar Diya",0
1783,Kadar,0
1784,Karnan,0
1785,Kangana,0
1786,"Kara Tani Tuhu Control",0
1787,"Kde Kde",0
1788,"Lahe Lahe Rangab Salwarwa",0
1789,"Lawangiya Mirchaiya Rangihe Hamar Saiyan",0
1790,"Lilo Chaman 3",0
1791,"Lost Love",0
1792,"Main Nahi Jaunga",0
1793,"Majhe Wale",0
1794,Meherbaniyan,0
1795,"Mere Angne Mein",0
1796,Mustang,0
1797,Nayan,0
1798,Neat,0
1799,"Raakh Lagake Remix",0
1800,"Ring Ring",0
1801,"Mumbai Saga",0
1802,Sin,0
1803,"Surma Bole",0
1804,"Tenu Meri Umar Lag Jaave",0
1805,"Tenu Ni Pta",0
1806,"Tohar Marda Hamar Saar Lagela",0
1807,"Tu Aa Jaana",0
1808,"Tu Lagdi Ferrari",0
1809,"Zara Thehro",0
1810,"Gaddar Banda",0
1811,"Gaddian Te Karre (feat. Jot Sekhon)",0
1812,"Gaddiyan Black",0
1813,"Gaddi Boldi",0
1814,"Gaddi da Number",0
1815,"Gaddi Neevi",0
1816,"Gadi Kali",0
1817,"Gairan De Suit",0
1818,Gajanan,0
1819,"Gajban 2",0
1820,"Gajban Ki Taur",0
1821,Gajban,0
1822,Galat,0
1823,"Galat Baat",0
1824,Galbat,0
1825,"Gale Lagana Hai",0
1826,"Gallaan Teriyaan",0
1827,"Gallan Ch Romance",0
1828,Gallan,0
1829,"Gallan Dogaliyan",0
1830,"Gallan Goriyan",0
1831,"Gallan Hun De Waqt Diyan",0
1832,"Gallan Ne Do ",0
1833,Gall,0
1834,"Gall Sun Jatta",0
1835,"Galte Chalte Ba",0
1836,Galti,0
1837,"Galti Ta Das",0
1838,"Gal Baap Di",0
1839,"Gal Dil Di",0
1840,"Gal Gabru Di",0
1841,"Gal Karke",0
1842,"Gal Karle",0
1843,"Gal ki aeee",0
1844,"Gal Mardan Wali",0
1845,"Gal Sun",0
1846,"Gal Sun Makhna",0
1847,Game,0
1848,"Game Over",0
1849,Gandasa,0
1850,Gangajal,0
1851,Gangmates,0
1852,"Gangsta Blood",0
1853,Gangster,0
1854,"Gangster Yaar",0
1855,Gangwar,0
1856,"Garbe Ki Raat",0
1857,"Garmi Mein Chill",0
1858,"Garmi Non Stop Dance Mix",0
1859,"Garmi Remix",0
1860,Garnetar,0
1861,"Gayatri Mantra",0
1862,"Gaye Jo Tum",0
1863,"Geda Geda",0
1864,Gede,0
1865,Gediyan,0
1866,Gedi,0
1867,"Gedi On Ford",0
1868,"Gedi Route",0
1869,Geet,0
1870,"Gehne Naal Taur",0
1871,"Genda Phool (Junkilla Remix)",0
1872,"Genda Phool",0
1873,Gentlemen,0
1874,"Gerhe Te Gerha",0
1875,Ghaghro,0
1876,"Ghagra 52 Gaj Ka",0
1877,"Ghaint Ghaint Suit",0
1878,Ghalat,0
1879,"Tanhaji - The Unsung Warrior",0
1880,"Ghana Kasoota",0
1881,"Rashmi Rocket",0
1882,"Ghani Marod",0
1883,"Ghar Aaja",0
1884,"Ghar Aao Na",0
1885,"Ghar Aaya Mera Pardesi - Ft. Ayesha Mulla",0
1886,"Ghar Tum Hi Ho",0
1887,"Ghatak Munde",0
1888,"Ghat Jayi Ka",0
1889,Ghesla,0
1890,"Ghoomar - Single",0
1891,"Ghoom Ghagra - Single",0
1892,"Ghum Ghaghra",0
1893,"Ghunghata Uthai La",0
1894,"Ghunghat 3",0
1895,"Ghunghat Gori Ka",0
1896,"Ghunghat Ka Tala - Single",0
1897,"Ghungroo Toot Gaye",0
1898,Ghungroo,0
1899,War,0
1900,Ghungru,0
1901,"Ghut Sapni",0
1902,Giftaan,0
1903,"Girkana Tera Re",0
1904,Girkani,0
1905,Girlfriend,0
1906,"Glock 32",0
1907,Glock,0
1908,"Goat Dekho",0
1909,Goat,0
1910,"Goa Beach",0
1911,Godfather,0
1912,"God&#039;s Plan",0
1913,"God Will Judge",0
1914,Takkar,0
1915,"Golden Jatti",0
1916,"Gold Kangan",0
1917,Goli,0
1918,"Goli Wargi",0
1919,"Gol Mol",0
1920,Goodfella,0
1921,Goodwill,0
1922,"Good Luck",0
1923,"Good Naai Bad Aadu",0
1924,"Good Night",0
1925,"Gora Gora Rang",0
1926,"Gora Rang",0
1927,"Goriyaan Goriyaan",0
1928,Goriye,0
1929,"Gotta Go",0
1930,Gott,0
1931,"Govind Bolo",0
1932,"Go Down Deh (feat. Shaggy and Sean Paul)",0
1933,"Go Find Out",0
1934,"Go to Hell",0
1935,Graffiti,0
1936,Grandfather,0
1937,"Great Gang",0
1938,Grind,0
1939,Grip,0
1940,Grow,0
1941,"Gudde Guddian Da Khel",0
1942,Guess,0
1943,"Guitar Vajda",0
1944,"Gujjar Boy",0
1945,Gulaam,0
1946,"Gulabi Lehenga",0
1947,Gulgule,0
1948,"Gally Ki Party Latest Hindi Rap",0
1949,"Gulu Gulu Rap Song",0
1950,Gumsum,0
1951,Gunaah,0
1952,"Gunday Yaar",0
1953,Gundazone,0
1954,"Gundeyan Di Gaddi",0
1955,"Gunde Te Pyaar",0
1956,Gundumalli,0
1957,Gunehgar,0
1958,Gunghroo,0
1959,"Guns Out",0
1960,"Gun De Gunn",0
1961,"Gun Matters Jigar",0
1962,"Gun Smoke",0
1963,Gun,0
1964,"Gun Warga",0
1965,Gurshal,0
1966,"Guru Gobind",0
1967,"Gussa Jatt Da",0
1968,"Gusse Hoya Na Kar",0
1969,"Gusse Vich",0
1970,Gustakhi,0
1971,"Gutt Ch Paranda",0
1972,"Gutt Te Naa",0
1973,"Gut Feel",0
1974,Guzarishan,0
1975,"Gym De Shokeen",0
1976,Marjaney,0
1977,Haal,0
1978,"Haal E Dil",0
1979,Haami,0
1980,"Haan Bhaldi",0
1981,Haan,0
1982,"Haan Mazak Aa",0
1983,"Haarda Ni",0
1984,"Haare Hum Haare",0
1985,Haari,0
1986,"HAAR GAYI",0
1987,"Haasyan Ch Jaan",0
1988,"Haaye Oye (Acoustic)",0
1989,"Haaye Oye",0
1990,"Haaye Rabba",0
1991,"Habbit (feat. Simar Kaur)",0
1992,Habibi,0
1993,Habit,0
1994,"Hadd Tod Da",0
1995,Hadtaal,0
1996,"Hai Pyaar Kya",0
1997,"Hai Tera Saath",0
1998,"Hai Tu Kaun",0
1999,"Haji Peer Bhoomi 2020",0
2000,"Halo Re Halo",0
2001,"Hamare Darmiyan",0
2002,"Hamari Kahani",0
2003,"Hamke Dulhin Banala",0
2004,Handcuffs,0
2005,"Hanji Hanji",0
2006,"Hanjugam (From &quot;Bhuj The Pride Of India&quot;)",0
2007,Hanju,0
2008,"Happy Birthday Jatta Ve",0
2009,"Happy Birthday My Life - Single",0
2010,"Happy Birthday To You Ji",0
2011,"Happy Birthday Yaara",0
2012,"Happy New Year 2021 Dj Song",0
2013,Haqdaar,0
2014,Haqq,0
2015,"Haq Ali",0
2016,Haq,0
2017,"Hard Beat",0
2018,Hard,0
2019,"Hard To Get",0
2020,"Hare Krishna Hare",0
2021,"Hare Krishna Hare Rama",0
2022,"Hari Singh Nalwa",0
2023,"Harkheya Jatt",0
2024,"Haryana Aale",0
2025,"Haryana Roadways",0
2026,"Haryanvi Beat",0
2027,"Haryanvi Chora",0
2028,"Har Ek Pal",0
2029,"Har Funn Maula (From &quot;Koi Jaane Na&quot;)",0
2030,"Har Saah",0
2031,"Hasda Reha Kar",0
2032,"Hassna Bhuljengi",0
2033,"Hass Ke",0
2034,Memax,0
2035,Haters,0
2036,Hathkadiyan,0
2037,Hathyar,0
2038,"Hath Jorhe",0
2039,"Hath Kadi",0
2040,"Hatt Jatta Hatt (feat. Gurlez Akhtar)",0
2041,"Hatt Ja Passe",0
2042,"The Big Bull",0
2043,"Hawa Aun De",0
2044,"Hawa Banke",0
2045,"Hawa Warga",0
2046,"Haye Tatta",0
2047,"Hay Gopal Krishna",0
2048,"Hazaron Ka Kya Hoga",0
2049,Headline,0
2050,Heal,0
2051,Heartbeat,0
2052,Heartfail,0
2053,"Heart Beat",0
2054,"Heavy Ghaghra",0
2055,"Heavy Gotta",0
2056,"Heavy Hai Bhai",0
2057,"Heeran Ke Chakkar",0
2058,"Heera Jatt",0
2059,Heera,0
2060,Heer,0
2061,"Heer Ranjha",0
2062,"Kade Haan Kade Naa",0
2063,"Helli Me Chor",0
2064,"Hello Koun",0
2065,Hello,0
2066,"Hello Priya",0
2067,Herogiri,0
2068,"Hey Baby Girl",0
2069,"Vannakkamda Mappilei",0
2070,"Hey Singari",0
2071,"He Loves Me",0
2072,Hichki,0
2073,"Hide Karke",0
2074,"Higher (feat. iann dior)",0
2075,"High Range",0
2076,Hijab,0
2077,"Hindustani Way",0
2078,"Hivada Mein Rajasthan Hain",0
2079,"Hi Jack",0
2080,Hobby,0
2081,Hokka,0
2082,"Hold My Kamariya",0
2083,Holiday,0
2084,"Holiya Me Hili",0
2085,"Holi Mein Kunwar Ke Duwar Jhakela",0
2086,"Holi Mein Rangeele",0
2087,"Holi Me Bhouji Ke Rahan Bigdal",0
2088,"Holi Me Kajal Badal Gaili",0
2089,"Holi Patidar Ke",0
2090,Hollywood,0
2091,Hometown,0
2092,Homicide,0
2093,"Hona Chaida",0
2094,"Hone Laga Tumse Pyaar",0
2095,"Honsle Buland",0
2096,"Honthon Pe Bas by Mika Singh",0
2097,"Honth Chocolate",0
2098,"Hood (feat. Inderpal Moga)",0
2099,"Hook N Crook",0
2100,"Hoor Pari",0
2101,Hooter,0
2102,Hope,0
2103,Hora,0
2104,"Hor Dus",0
2105,"Hor Koi Na",0
2106,Hosh,0
2107,"Hosh Mai Aa (Tadipaar)",0
2108,Hostel,0
2109,"Hot Ba Tohar Figure",0
2110,Houdini,0
2111,"Houli Bol",0
2112,"Ho Balma",0
2113,"Malang - Unleash The Madness",0
2114,"Hug Life (Jaffiyan)",0
2115,Hukka,0
2116,"Thana Sadar",0
2117,"Hula La La",0
2118,"Humdard Hai",0
2119,"Humko Toh Pyaar Hogaya",0
2120,"Humko Tum Mil Gaye",0
2121,Hummer,0
2122,"Humnavva Humsafar",0
2123,Humsafar,0
2124,"Hum Hindustani",0
2125,"Hum Kalam",0
2126,"Hum Mar Jayenge",0
2127,"Hum Padhte Bani Ho",0
2128,"Before You Die",0
2129,"Hum To Tere Aashiq Hain",0
2130,"Hum Tum",0
2131,"Hungama 2",0
2132,Hunter,0
2133,"Hun Vailpunna Chalu",0
2134,"Husband Bawla",0
2135,"Husna Diye Pariye",0
2136,"Hutt Hutt",0
2137,Hype,0
2138,"Ibaadat Ban Gaye Ho",0
2139,Ibadatan,0
2140,"Idhuvum Kadandhu Pogum (The Healing Song) (From &quot;Netrikann&quot;)",0
2141,"Its My Life",0
2142,"Idli Chutney",0
2143,"ID Password",0
2144,Ielts,0
2145,Ignore,0
2146,Ijazataan,0
2147,"Ikk Kudi",0
2148,"Ik Bol",0
2149,"Ik Dafa",0
2150,"Ik Din",0
2151,"Ik Dooje Lai",0
2152,"Ik Kudi",0
2153,"Ik Mauka",0
2154,"Ik Naya Khuwab",0
2155,"Ik Tera",0
2156,"Ik Vaari Maan Ja",0
2157,"Ik Waari",0
2158,Illegal,0
2159,"Illegal Hood",0
2160,Iltija,0
2161,Ilzaam,0
2162,"Imma Boss",0
2163,Incomplete,0
2164,"Incomplete Love",0
2165,"Indian Army",0
2166,"India Gate",0
2167,"India Together",0
2168,"Indra VS 5911",0
2169,"INDUSTRY BABY",0
2170,"Infamous Boy",0
2171,"Innocent Face",0
2172,Inteha,0
2173,Interstellar,0
2174,Intezaar,0
2175,Intezar,0
2176,"Into You",0
2177,"Introducing Her",0
2178,"INTRO IKIGAI",0
2179,Intzaar,0
2180,"In It To Win It",0
2181,"Azadi Ke Bad",0
2182,Ishaara,0
2183,Ishqam,0
2184,"Ishqe Di Galliyan",0
2185,"Ishqe Vich Aukha",0
2186,Ishqiya,0
2187,Ishqzada,0
2188,"Ishq Bheegaye Naina",0
2189,"Ishq Da Rog",0
2190,"Ishq Fakeeri",0
2191,"Ishq Farzi",0
2192,"Ishq Gehra",0
2193,"Ishq Hai",0
2194,"Ishq Hai (Original Score)",0
2195,"Ishq Hogaya",0
2196,"Ishq Kahani",0
2197,"Ishq Karo Dil Se (From &quot;Koi Jaane Na&quot;)",0
2198,"Ishq Ka Mausam",0
2199,"Ishq Ka Raja",0
2200,"Ishq Khuda Hai",0
2201,"Ishq Ki Barsaatein",0
2202,"Ishq Lagan",0
2203,"Bypass Road",0
2204,"Ishq Mein",0
2205,"Ishq Nachaya",0
2206,"Ishq Nu Chhedi Na",0
2207,"Ishq Parasti",0
2208,"Ishq Saaf",0
2209,"Ishq Samundar",0
2210,"Ishq Tera Mera",0
2211,"Ishq Te Ashiqi",0
2212,"Ishq Tumhara",0
2213,"Iss Pyar Ko",0
2214,"Is Qadar Dil Mera",0
2215,"Is Qadar",0
2216,"Is Tarah Aashiqui Ka",0
2217,Itihaas,0
2218,"Itna Bata De",0
2219,"The Body",0
2220,"Itraan Diya Mehkaan",0
2221,"its All Done",0
2222,"It&#039;s Bad Time",0
2223,"It&#039;s My Time",0
2224,"It&#039;s Okay",0
2225,"It&#039;s Over",0
2226,Izhaar,0
2227,Andhaghaaram,0
2228,"I Don&#039;t Know",0
2229,"I Feel",0
2230,"I Love You Kinna Sara",0
2231,"I Told You",0
2232,Jaada,0
2233,"Jaagde Raho",0
2234,"200 Halla Ho",0
2235,"Jaanein Bachayenge",0
2236,"Jaaneja Dilruba",0
2237,"Koi Jaane Na",0
2238,"Jaane De Mujhe",0
2239,"Jaane Meriye",0
2240,"Jaane Meri",0
2241,"Bob Biswas",0
2242,"Jaanu Ji",0
2243,Jaan,0
2244,"Khuda Haafiz",0
2245,"Jaan Bula Ke",0
2246,"Jaan Dardi",0
2247,"Jaan (From&quot;Yes I Am Student&quot;)",0
2248,"Jaan Jaan",0
2249,"Jaan Jatti Di",0
2250,"Jaan Kad Lai",0
2251,"Jaan Ke Duaar Pa",0
2252,"Jaan Lay Ja",0
2253,"Jaan Leva Nakhre",0
2254,"Jaan Panjabi 2.0",0
2255,"Jaan Vaarda",0
2256,"Jaan Wardi",0
2257,"Jaate Jaate",0
2258,"Jabardast Dost",0
2259,"Jabb Se Tumko Dekhaa",0
2260,"Jab Dil Mile",0
2261,"Jab Jab Kajrawa Karelu",0
2262,"Jab Jab Piyawa Rowayi Ho",0
2263,"Jab Jab",0
2264,"Jab Se Mile Ho Tum",0
2265,"Jab Se Tu Mili Hai",0
2266,"Jab Teri Yaad",0
2267,"Jadon Nachdi Tu",0
2268,"Jado Ji Ke Holi",0
2269,"Jaguar - Single",0
2270,Shershaah,0
2271,Jail,0
2272,"Jaimaal Mein Dhamaal",0
2273,"Jai Baba Ki",0
2274,"Jai Bhole Baba (Hindi)",0
2275,"Jai Jaikaar",0
2276,"Jai Jai Shiv Shankar",0
2277,"Jai Kara Kedara",0
2278,"Jai Veeru",0
2279,Jajbaat,0
2280,"Batla House",0
2281,"Jalebi Baby",0
2282,Jalebi,0
2283,Jallad,0
2284,Jallianwala,0
2285,"Jamaica to India",0
2286,Jameson,0
2287,"Jameson Wargi",0
2288,"Jamme Naal De",0
2289,Janam,0
2290,"Qismat 2",0
2291,"Jandi Jandi 2",0
2292,Adhikar,0
2293,Jannat,0
2294,"Jannat Ka Tukda",0
2295,"Jannat Ve",0
2296,"Satyameva Jayate",0
2297,"Jap Naam Bhole Ka",0
2298,Jaqeen,0
2299,"Jarde Jahi Naar",0
2300,Jashan,0
2301,"Jattan De Jawaak",0
2302,"Jattan Di Pachaan",0
2303,Jatta,0
2304,"Jatta Ve",0
2305,"Jatta Ve Jatta",0
2306,Jattiyan,0
2307,Jattiye,0
2308,"Jatti Di Yaari",0
2309,"Jatti Jeone Morh Wargi",0
2310,"Jinne Jamme Saare Nikamme",0
2311,"Jatti Kohenoor Wargi",0
2312,"Jatti Lit",0
2313,Jatti,0
2314,"Jatti Teri Fan",0
2315,"Jatti Ton Pyaar Le",0
2316,"Jatt Brand",0
2317,"Jatt Da Swaad (feat. G.noor)",0
2318,"Jatt De Brober",0
2319,"Jatt De Khilaaf",0
2320,"Jatt Di Guddi",0
2321,"Jatt Di Pasand",0
2322,"Jatt Di Zuban",0
2323,"Jatt Fire",0
2324,"Jatt Jatt",0
2325,"Jatt Mannya",0
2326,"Jatt Mashoor Ne",0
2327,"Jatt Moon",0
2328,"Jatt Naal Yaari",0
2329,"Jatt Nikle",0
2330,"Jatt Scene",0
2331,"Jatt Vs Jail",0
2332,"Jatt Yamla",0
2333,"Jaungi Pani Len",0
2334,"Jawab De",0
2335,"Jawani 1984 To 2021",0
2336,"Jawani Ke Josh Kam Karas",0
2337,Jawani,0
2338,"Jazaak Allah",0
2339,"Jazbaati Bande",0
2340,Jazbaat,0
2341,"Jazzy B",0
2342,"Ja Ab Palat Ke Dekhab Na",0
2343,"Ja Bewafa Hamse Hoke Juda",0
2344,"Ja Ja Ja",0
2345,"Ja Ja Re",0
2346,"Ja Jee Lay",0
2347,"Ja Tiya Padhe Itwaro Ke",0
2348,"Ja Ve Ja",0
2349,"Jeena Bhool Jaunga",0
2350,"Jugni (My First Album)",0
2351,"Kutte Fail",0
2352,Jeep,0
2353,"Jeep Md Desi Rockstar",0
2354,"Yennanga Sir Unga Sattam",0
2355,"Jeetega Mera India",0
2356,"Jeetenge Hum",0
2357,"Tips Rewind: A Tribute to Jagjit Singh",0
2358,"Jee Jee Kahenga (feat. Gurlez Akhtar)",0
2359,"Jee Karr Daa",0
2360,"Jee Le Zindagi",0
2361,"Jee Nai Sakdi",0
2362,"Jeona Mour 2",0
2363,"Jerhe Shadd Gye",0
2364,"Je Yeshu Naal Tere",0
2365,"Jhaaj Jeya Jatt",0
2366,"Jhake (feat. Gurlez Akhtar)",0
2367,"Jhakhi Daar Chubara",0
2368,"Jhalle Kalle",0
2369,Jhanjar,0
2370,"Tera Naam",0
2371,Jhanjhar,0
2372,"Jhanjhar Waliye",0
2373,RANG,0
2374,Jhanjran,0
2375,Jhanjra,0
2376,"Jheeni Jheeni Bhoomi 2020",0
2377,Jhidkaan,0
2378,"Shakuntala Devi",0
2379,Jhoome,0
2380,"Jhoomka Gira Re - Mukul And Ruchika Jangid",0
2381,"Jhoom Baraabar Jhoomm",0
2382,"Jhoota Lagda",0
2383,"Jhoota Pyar",0
2384,"Jhootha Hai",0
2385,"Jhoothe Hain",0
2386,"Jhooth Bolda",0
2387,"Jhooth Bolna Paap Hai",0
2388,Jhooth,0
2389,"Jhooth Vikda",0
2390,"Jhotte Jatt",0
2391,"Jhumka Giral Ba Chhathi Ghat Pe",0
2392,"Jhumka Giri Bareilly Ke Bazaar Mein",0
2393,Jhumka,0
2394,"Jhutha Jma Tu",0
2395,"Jhuthi Soh",0
2396,Jigre,0
2397,"Jija Saali",0
2398,"Jija Tu Kala",0
2399,"MGR Magan (Original Motion Picture Soundtrack)",0
2400,"Jimmy Choo",0
2401,"Jind Jaan",0
2402,Jind,0
2403,"Jind Meriye",0
2404,"Jind Nimani",0
2405,"Jine De",0
2406,"Jaani Ve",0
2407,"Jinna Pyaar",0
2408,"Jinna Tera Kareya",0
2409,"Jiske Liye",0
2410,Jism,0
2411,"Jiss Waqt Tera Chehra",0
2412,"Jis Din Tum",0
2413,"Jitt da Ailaan",0
2414,"Jiya Kaanch Ka",0
2415,"Jiye Na Debu Ka Ae Patarko 2.0",0
2416,Jodaa,0
2417,JODI,0
2418,Joganiya,0
2419,"Joon Fakran Di",0
2420,"Jo Chumma Degi Jitegi",0
2421,"Jo Tera Vo Mera",0
2422,"Jo Tumko Jhoot Lage",0
2423,"Jo Tu Na Mila",0
2424,"Judge Me Later",0
2425,"Jugni Ji",0
2426,Jugnu,0
2427,"Jug Jug Jeeve",0
2428,"Juice Da Glass",0
2429,"Julami Chundad - Single",0
2430,"Julfan De Jaal",0
2431,"JULLI BISTRE",0
2432,"Julli Margi Jille Pe",0
2433,Junoon,0
2434,Juraban,0
2435,Jurat,0
2436,Justified,0
2437,"Just A Dream",0
2438,Jutti,0
2439,"Jutti Tilledar",0
2440,"Jyada Jachdi",0
2441,"K.V Wala Launda",0
2442,"Kaabil E Tareef",0
2443,"Shiva Shivaa",0
2444,Ganesapuram,0
2445,Kaadu,0
2446,"Kaahe Ko Sataaye",0
2447,Ward-126,0
2448,"Vendhu Thanindhathu Kaadu",0
2449,"Kaala Chela",0
2450,"Kaala Jadu",0
2451,"Kaala Maal",0
2452,"Kaale Kaarname",0
2453,"Kaale Sheeshe",0
2454,"Kaali Audi",0
2455,"Kaali Bentley",0
2456,"Kaali Car",0
2457,"Kaali Gaddi",0
2458,"Kaali Range",0
2459,Kaand,0
2460,Kaante,0
2461,Kaare,0
2462,"Kaari Kaari",0
2463,"Kaash Aisa Hota - Single",0
2464,Kaash,0
2465,"Kaasu (From &quot;Raame Aandalum Raavane Aandalum&quot;)",0
2466,Kaathadi,0
2467,Maara,0
2468,Vanam,0
2469,"Soorarai Pottru",0
2470,"Kabaddi Anthem",0
2471,"Kabala Kai Dehab",0
2472,Kabira,0
2473,Kabootar,0
2474,Kabza,0
2475,"Kadar Kyo Ni Krda",0
2476,"Kade Kade",0
2477,Ranga,0
2478,"Kadi Te Has Bol Ve",0
2479,Kahani,0
2480,"Kahe Tor Kareja Phatata",0
2481,"Kahin Door Jab Din Dhal Jaye",0
2482,"Kaise Hum Bataye",0
2483,"Kaise Juda Rahein",0
2484,"Kaise Kahoon",0
2485,"Kaise Kahu",0
2486,"Noka Noka",0
2487,"Kajal Kala - Single",0
2488,Kajla,0
2489,Kaju,0
2490,Kakh,0
2491,"Kala Chashma 2",0
2492,"Kala Daman",0
2493,"Kala Jodda",0
2494,"Kala Kurta Chadra",0
2495,"Kala Maal",0
2496,"Kala Suit Pe Kala Chashma",0
2497,"Kala Suit",0
2498,"Kala Tikka",0
2499,"Kale Ho",0
2500,"Kale Ke Papa",0
2501,"Kali Maserati",0
2502,"Kalla Reh Jayenga",0
2503,"Kalla Sohna Nai",0
2504,"Kalle Kalle",0
2505,"Kalle Kalle - Single",0
2506,"Kalli BehKe",0
2507,"Kalli Kalli Gal",0
2508,"Kalli Kalli Raat",0
2509,"Kalli Kalli Wish",0
2510,Kalyug,0
2511,"Kal De Jawaak",0
2512,"Kal De Jawak",0
2513,"Kal Di Gal",0
2514,Kamaal,0
2515,"Kamaal Kardi",0
2516,"Kamaal Kare Tu",0
2517,"Kamaal Kari Jaane O",0
2518,"Kamariya Kaam Na Kare - Single",0
2519,"Kamariya Turele Raja Ji",0
2520,"Kamar Kamjor",0
2521,"Kamar Ke Dard",0
2522,"Kamar Ke Number Badhal Ba",0
2523,"Kamar Lapkauaa",0
2524,"Kamar Mein Gudgudi Barela",0
2525,"Kamar Nahi Kaam Karata",0
2526,"Kamar Teri Left Right Hale",0
2527,"Kami Kithe Reh Gayi",0
2528,"Kamla Shayar",0
2529,"Hum Do Hamare Do",0
2530,KAMLI,0
2531,"Kandha Boldiyan",0
2532,"Kandhe Ka Woh Til",0
2533,Kangnaa,0
2534,"Kangna 2",0
2535,Kangna,0
2536,"Kanjoos Maahi",0
2537,"Maraikkayar - Arabikadalin Singam",0
2538,"Kannamma Eannamma",0
2539,"Putham Pudhu Kaalai",0
2540,"Naan Kadavul Illai",0
2541,"Kanpur Wale",0
2542,"Kanta Bai (From &quot;Sangeetkaar&quot;)",0
2543,"Kanta Laga",0
2544,"Karam Karde",0
2545,Karam,0
2546,"Karda Mai Yaad",0
2547,"Karde Karam",0
2548,Kareeb,0
2549,"Kare Se Tang Manne Chhore",0
2550,"Kargi Ghayal",0
2551,"Karle Pyar",0
2552,Karona,0
2553,Kartoos,0
2554,"Karwa Chauth",0
2555,"Kar Gal",0
2556,"Kar Promise",0
2557,Kasam,0
2558,"Kashmiri Loyi",0
2559,Kashmir,0
2560,Kashtiya,0
2561,Kasiyoli,0
2562,Kasoor,0
2563,"Kasuta Look",0
2564,"Katal Mubarak",0
2565,"Katheya Ne Rehna",0
2566,"Katta Car Me",0
2567,"Anandham Vilayadum Veedu",0
2568,"Kauli Khand Di",0
2569,"Kaun Disha Mein Leke Chala - Upbeat",0
2570,"Kaun Hai Ye",0
2571,"Kaur Sardarni 2",0
2572,"Kehar Jatt Da",0
2573,"Keh Du",0
2574,"Keh Nai Hoya",0
2575,"Khabar Meri Maut Ki",0
2576,"Khabar Nahi",0
2577,"Khabbi Seat",0
2578,"Khadkaye Hoye Aa",0
2579,"Khad Tainu Main Dassa",0
2580,"Khaike Paan Banaras Wala - Ritesh Pandey",0
2581,"Khair Ki Jholi",0
2582,Khandaani,0
2583,"Khandani Bande",0
2584,Khandani,0
2585,"Khandani Vair",0
2586,"khanne Wala Gandhi",0
2587,"Khant vs. Moosa",0
2588,"Khatam Hue Waande",0
2589,"Khatam Karona",0
2590,Khatra,0
2591,Khat,0
2592,Khayaal,0
2593,Velle,0
2594,"Khelab Aaj Holi Kehu Naahi Boli",0
2595,"Khelegi Kya?",0
2596,"Khelta Ja",0
2597,Khel,0
2598,"Khesariya Awara Nahi Hai",0
2599,"Khetibadi (feat. Gurlez Akhter)",0
2600,"Khichi Rakh",0
2601,"Khideya Punjab",0
2602,"Khona Hai",0
2603,"Khono Dardi",0
2604,Khoobian,0
2605,Dhamaka,0
2606,"Khoya Raha",0
2607,"Khudara Aakar",0
2608,"Khuda kI Inayat",0
2609,Khudka,0
2610,Khudkhushi,0
2611,"Khud Ka Pata",0
2612,"Khuja Mat",0
2613,Khumariyaan,0
2614,Khushiyan,0
2615,"Khushi Jab Bhi Teri (Feat.Khushalii Kumar)",0
2616,"Khushi Viaah Di",0
2617,Khutti,0
2618,"Khwahish (Dastaan)",0
2619,Khwahish,0
2620,Khwaish,0
2621,Khyaal,0
2622,"Khyaal Karlo",0
2623,"Khyaal Karlo (Cover)",0
2624,"Kidda Fer Hatero",0
2625,"Kids Rap Tat Tara Ra",0
2626,Kikli,0
2627,KILLA,0
2628,"Killer Queen",0
2629,"Killeyan Da Villa",0
2630,"Kill Chori",0
2631,Kinaare,0
2632,Kingdom,0
2633,"KING KONG",0
2634,"King Life",0
2635,"King of Majha",0
2636,"King Queen",0
2637,"Kinna Chauna",0
2638,"Kinna Chir",0
2639,"Kinna Mardi",0
2640,"Kinne Aye Kinne Gye 2",0
2641,"Kinne Aye Kinne Gye",0
2642,"Kinne Saalan Baad",0
2643,"Kinnia Choriyan",0
2644,"Kinni Kinni Vaari",0
2645,Kirpana,0
2646,"Kisaani Lipi",0
2647,Kisaan,0
2648,"Kise De Kol Gal Na Kari",0
2649,"Kismat Teri",0
2650,"Kiss Me Like You Miss Me",0
2651,Roohi,0
2652,Kitaab,0
2653,"Kitabaan Vich",0
2654,"Kithe Dil La Leya",0
2655,"Kitkat Jawani",0
2656,"Kitna hai pyaar",0
2657,"Kitthe Chali",0
2658,"Ki Bann Da",0
2659,Star-crossed,0
2660,"Ki Kariye",0
2661,"Ki Lagdi Teri",0
2662,"Ki Tusi Jande O (feat. Singga)",0
2663,"Arasiyalla Idhellam Saadharnamappa",0
2664,Kohinoor,0
2665,"Koi Aur Hai",0
2666,"Samarjeet Randhava&#039;s Sufi Rockland",0
2667,"Sonu Tey Papa Di Gaddi",0
2668,"Koi Fariyaad Unplugged",0
2669,"Koi Gham Nahi",0
2670,Maidan-E-Jung,0
2671,"Koi Hor",0
2672,"Koi Mull Nahi",0
2673,"Koi Nahin",0
2674,"Koi Na",0
2675,"Koi Sehri Babu",0
2676,Koka,0
2677,Koke,0
2678,"Kol Hove",0
2679,"Konjam Pesu",0
2680,"Koshish Karne Walon Ki Haar Nahin Hoti",0
2681,"Kothe Chad Lalkaru",0
2682,Kothi,0
2683,"Krk Kutta",0
2684,"Kuch Aisa",0
2685,"Kuch Bhi Ho Jaye",0
2686,"Kuch Kuch",0
2687,"Kuch nhi kehndi",0
2688,"Kudiya De Layi",0
2689,"Kudi Chandigarh Di",0
2690,"Kudi Himachal Di",0
2691,"Minnal Murali",0
2692,Kunba,0
2693,"Kunde Taale",0
2694,"Kunware Mein Rang Lagwaile Bani",0
2695,Kurbaan,0
2696,"Kuri Tu Mean Hai",0
2697,"Kursi bin Table",0
2698,"Kurta Daman",0
2699,"Kurta Pajama (From &quot;Sangeetkaar&quot;)",0
2700,Kurti,0
2701,"Kuruthi Aattam",0
2702,"Satyameva Jayate 2",0
2703,"Lut Gaye - Jubin Nautiyal",0
2704,"Kutty Pattas",0
2705,"Kya Baat",0
2706,"Kya Hua Tera Vada",0
2707,"Kya Karu",0
2708,"Broken but Beautiful Season 3",0
2709,"Kya Mujhse Pyar Karte Ho",0
2710,"Kya Rakha Hai",0
2711,"Kyon 2020",0
2712,"Kyon Dardi",0
2713,"Kyun Bewajah",0
2714,"Kyun Ki Tu",0
2715,"Kyu Ruwauna Ae",0
2716,"Kyu Soniya",0
2717,"K Haal Hai",0
2718,"Laada ka Lada",0
2719,"Laadle 3 - Single",0
2720,Laadu,0
2721,"Laagi Lagan Shankara",0
2722,"Laalaan Dian Shahaadtan",0
2723,"Laala Laala",0
2724,Laali,0
2725,"Laali Thamja",0
2726,"Laal Dupatta",0
2727,"Laal Gulabi",0
2728,"Laal Hari Peeli Choodiyan",0
2729,"Laambo Ghunghat",0
2730,Laapata,0
2731,Laarey,0
2732,"Laare And Prada",0
2733,"Laare Da Ki Kariye",0
2734,Laare,0
2735,"Laddo Hogi Syani",0
2736,"Laddu Laddu Kehke",0
2737,"Ladka Alag Sa",0
2738,"Ladki Bigad Gayi",0
2739,"Ladoo Return",0
2740,Lafanga,0
2741,"Lagann Laagii",0
2742,"Krishna Bhajan - Lagan Tumse Laga Baithe",0
2743,"Lagdi Thaa",0
2744,"Laggi Payi Aa 26",0
2745,"Lag Ja Gale - Siddharth Slathia",0
2746,"Lag Raha Hai Dil Deewana",0
2747,"Lahangwa Las Las Karta",0
2748,Lahore,0
2749,"Lahori Jatti",0
2750,"Lahu Di Awaaz 2",0
2751,"Lahu Di Awaaz",0
2752,"Laija Laija",0
2753,"Laiki Ke Line Laag Jaai",0
2754,Laila,0
2755,"Laiyan Laiyan",0
2756,Lakeerain,0
2757,"Lakeeran (From &quot;Haseen Dillruba&quot;)",0
2758,"Lakhmichand Ki Tek",0
2759,"Lak Patla",0
2760,"Lala Lala Lori",0
2761,"Lalkaare (From &quot;Honsla Rakh&quot;)",0
2762,"Lal Lal Hothwa Se - Upbeat",0
2763,Lambarghinii,0
2764,Lamborghini,0
2765,Lamhe,0
2766,"Lamhe Zaroori",0
2767,"Lanka Lutegi",0
2768,"Lara Sohneya",0
2769,"Last Peg",0
2770,"Lattu - Single",0
2771,"Launda Sakth Hai",0
2772,"Laungan Da Guchha",0
2773,"Laung Digya",0
2774,"Laung Gawaacha",0
2775,Lazeez,0
2776,"Lean On",0
2777,"Left Seat",0
2778,Lehanga,0
2779,Lehar,0
2780,"Lehar Vibe",0
2781,"Lehenga Lyade Mehnga",0
2782,"Lehenge Aala Naap",0
2783,Lehja,0
2784,"Leja Leja Re Mahi",0
2785,"Len Den Ke Chakkar",0
2786,"Let&#039;s See",0
2787,"Letter To An Angel",0
2788,"Let Me Know",0
2789,"Let Them Count",0
2790,"Le La DUI Rupaiyan",0
2791,"Le Li Ego Chumma",0
2792,"LG Da Round",0
2793,Lifeline,0
2794,"Lifestyle (feat. Adam Levine)",0
2795,Lifestyle,0
2796,"Dear DAD",0
2797,Liggi,0
2798,Detour,0
2799,Likhari,0
2800,"Sanam - Likhe Jo Khat Tujhe",0
2801,"Lilo Chaman 2 - Single",0
2802,"Lil Bruh",0
2803,LimeLight,0
2804,Link,0
2805,"Listen Bro",0
2806,"Listen Me",0
2807,"TRIPLEE SIXX PART 1",0
2808,"Little Star",0
2809,"Lit Guyz",0
2810,"Living Legend",0
2811,"Loaded Gun",0
2812,LOCATION,0
2813,Loca,0
2814,"Lockdown Love",0
2815,Loco,0
2816,"Log Kya Kahenge",0
2817,"Aranmanai 3",0
2818,"Ginny Weds Sunny",0
2819,London,0
2820,"London Lahore",0
2821,"Long Drive",0
2822,"Long Nights",0
2823,"Look Behind",0
2824,"Look Innocent",0
2825,Look,0
2826,Lootera,0
2827,Looteri,0
2828,"Loot Liya",0
2829,Lor,0
2830,"Lost Home (feat. Mr Dee)",0
2831,"Love Birds",0
2832,"Love Forever",0
2833,"Love Kardi",0
2834,"Love Talks",0
2835,"Love To You",0
2836,"Love With You",0
2837,"Love You",0
2838,"LPK Love Passion Karma",0
2839,"Luck Di Kasam",0
2840,Neighbours,0
2841,"Lut Gaye",0
2842,Maachis,0
2843,"Maaf Karde",0
2844,Maahiya,0
2845,"Maahi Kithe",0
2846,Maalik,0
2847,"Maalik Ghulam",0
2848,"Maalik Mere",0
2849,Maalko,0
2850,"Maal Maal",0
2851,"Maangi Duaein",0
2852,"Maan Taan Ja Kar Deo",0
2853,"Maan Wajjda",0
2854,"Maar hi Dalogi",0
2855,"Maar Thumke",0
2856,Maatam,0
2857,Maavan,0
2858,"Maa Baap",0
2859,"Maa Boli",0
2860,"Maa Da Dil",0
2861,"Maa Gujri",0
2862,"Maa Ki Laadli",0
2863,"Machayenge 3",0
2864,Machayenge,0
2865,Machhli,0
2866,"Machis Ke Tilli",0
2867,Mayan,0
2868,"Machi Naveen",0
2869,Machlo,0
2870,Madam,0
2871,"Made In Haryana",0
2872,Madhanya,0
2873,Madhubala,0
2874,Madhuban,0
2875,"Mad For You",0
2876,MAFIA,0
2877,"Mafia Style",0
2878,"Mafia Trade",0
2879,Magazine,0
2880,Magizhini,0
2881,Magnum,0
2882,Mahadeva,0
2883,Mahal,0
2884,"Mahaul Bana",0
2885,Mahiya,0
2886,"Mahi Ve",0
2887,Mahoul,0
2888,"Maine Royaan",0
2889,"Mainu Dasde",0
2890,"Main Balak Tu Mata",0
2891,"Main Bhi Barbaad",0
2892,"Main Dhoondta Raha",0
2893,"Main Gate Band Baduwe",0
2894,"Main Hoon Na Tere Saath (From &quot;Saina&quot;)",0
2895,"Main Janu Na",0
2896,"Main Jis Din Bhulaa Du",0
2897,"Main Ki Kara",0
2898,"Main Marjaunga",0
2899,"Main Pyaar Mein Hoon",0
2900,"Main Sharabi",0
2901,"Main Tera Hoon",0
2902,"Main Tera Ho Gaya",0
2903,"Main Teri Hoon",0
2904,"Main To Kahun",0
2905,"Mai Ni Meriye",0
2906,"Mai Pardesan Hona",0
2907,"Mai Te Oh",0
2908,"Majak Thodi Ae",0
2909,"Majanuaa Pitata",0
2910,Majboori,0
2911,MAJHAILS,0
2912,"Majhail Fellas",0
2913,"Majhail vs Malvain",0
2914,"Majha Boys",0
2915,"Majha Doaba Wale",0
2916,"Majha Hype",0
2917,"Majha Malwa Doaba",0
2918,"Majhe Aale",0
2919,"Majhe Walde",0
2920,Majnu,0
2921,"Makeup Wala Mukhda",0
2922,"Malki Keema",0
2923,Malta,0
2924,"Malum Hai Na (Intro)",0
2925,"Malwa Belt",0
2926,"Malwa To Miami",0
2927,Mama,0
2928,"Mama Mia",0
2929,"Mangar Ke Paricha Jayib",0
2930,"Manike Mage Hithe",0
2931,Maniyar,0
2932,Manmaniyan,0
2933,Mannat,0
2934,"Electro Folk Series with Ghibran",0
2935,"Mannda Ee Ni (feat. Happy Raikoti)",0
2936,"Manne Babu Bol",0
2937,"Jai Bhim",0
2938,"Mann Bawara Hua",0
2939,Panipat,0
2940,"Mansa Zile Da Munda",0
2941,Manzil,0
2942,"Man Ke Thanda Li",0
2943,"Man Ki Baat",0
2944,"Marab Thariya Phek Ke",0
2945,"Marda Chhod Gaya",0
2946,Marjaani,0
2947,BellBottom,0
2948,Marjaneya,0
2949,Marjawaan,0
2950,Marod,0
2951,"Marry Me",0
2952,"Marudhaani (From &quot;Annaatthe&quot;)",0
2953,Maruti,0
2954,"Masakali 2.0",0
2955,Mashallah,0
2956,Maske,0
2957,Masla,0
2958,Masle,0
2959,"Masoom Jinda",0
2960,Masstaani,0
2961,Mastani,0
2962,Masterpiece,0
2963,"Mast Malang",0
2964,"Kabaad The Coin",0
2965,"Mast Patola",0
2966,Matakni,0
2967,Math,0
2968,Matki,0
2969,Matlab,0
2970,"Matthe Te Chamkan",0
2971,"Mat Ched Balam",0
2972,"Mat Kar Maya Ko Ahankar",0
2973,Mauja,0
2974,"Maujood Hai",0
2975,"Mauka - E Waardaat",0
2976,"Mauka Hai",0
2977,Maula,0
2978,Mausam,0
2979,Mauser,0
2980,"Maut Nachdi",0
2981,Sabhaapathy,0
2982,Maybelline,0
2983,Mazaa,0
2984,"Oomai Sennaai",0
2985,"Ma Belle",0
2986,Mecha,0
2987,"Mehantan De Fal",0
2988,Mehbooba,0
2989,"Mehbooba Ji",0
2990,Mehendi,0
2991,"Mehendi Ka Ranngg",0
2992,"Mehendi Lagi",0
2993,"Meherezylaa (From &quot;Maanaadu&quot;)",0
2994,Meherma,0
2995,Mehkhana,0
2996,"Mehmaan (Tunka Tunka)",0
2997,Mehndiyan,0
2998,"Mehndi Te Vavi",0
2999,"Mehnge Mehnge Jatt",0
3000,"Mehnge Suit",0
3001,Mehnta,0
3002,"Mehraru Humar Sunar",0
3003,Mehrbaniaan,0
3004,"Mehsoos Kiya Hain",0
3005,"Mein Tera Humsafar",0
3006,"Melt in My Touch",0
3007,Memories,0
3008,Mental,0
3009,"Mera Babu - Single",0
3010,"Mera Bhai Gulzaar",0
3011,"Mera Bhai Tu 2.0",0
3012,"Mera Bhai Tu",0
3013,"Mera Dil Bhi Kitna Pagal Hai",0
3014,"Mera Dil",0
3015,"Mera Dil Pahadon Me",0
3016,"Mera Good Luck",0
3017,"Mera Haal",0
3018,"Mera Jee Karda",0
3019,"Mera Mahi",0
3020,"Mera Pehla Pyaar",0
3021,"Mera Piya",0
3022,"Mera Pyaar",0
3023,"Mera Sardar",0
3024,"Mera Yaar",0
3025,Mercy,0
3026,"Mere Ala Ror",0
3027,"Mere Baad",0
3028,"Mere Baare (feat. Gurneet Dosanjh)",0
3029,"Mere Bhai Log",0
3030,"Mere Daman Aali Jhol",0
3031,"Mere Dil Diyan Sunniya",0
3032,"Mere Dil Vich",0
3033,"Mere Geli",0
3034,Silence,0
3035,"Mere Liye Anmol Tu",0
3036,"Mere Meharbaan",0
3037,"Mere Saaiyaan Ji",0
3038,"Sanam - Mere Samnewali Khidki Mein",0
3039,"Mere Sanam",0
3040,"Mere Sohne Soniya",0
3041,"Mere Wala Jatt",0
3042,"Mere Wala Sardar",0
3043,"Mere Wangu",0
3044,"Mere Yaaraa (From &quot;Sooryavanshi&quot;)",0
3045,"Mere Zehen Mein (From &quot;Bekhudi&quot;) - Single",0
3046,"Meri Aashiqui",0
3047,"Meri Baari",0
3048,"Meri Dhadkan",0
3049,"Meri Galti",0
3050,"Meri Jaan",0
3051,"Meri Ki Majaal",0
3052,"Meri Maa Ke Barabar Koi Nahi",0
3053,"Meri Marzi",0
3054,"Meri Mohabbat",0
3055,"Meri Mohobbat",0
3056,"Meri Parchayi",0
3057,"Meri Pukaar Suno",0
3058,"Meri Sohniya",0
3059,"Meri Zindagi Mein",0
3060,"Mewati Hai Hum",0
3061,Mexico,0
3062,"Mhari Tor Dekhiyo",0
3063,"Middle Class",0
3064,"Middle Class Munda",0
3065,"Middle Finger",0
3066,"Mijaj Sankawelu",0
3067,"Milaa Yun (From &quot;Haseen Dillruba&quot;)",0
3068,Milky,0
3069,"Milky White",0
3070,"Milo Na Tum - Gajendra Verma",0
3071,"Mil Geya Jatt",0
3072,"Mil Ke Jaani Aan",0
3073,"Mil Mahiya",0
3074,Minor,0
3075,Mintan,0
3076,Miracle,0
3077,Mirage,0
3078,Mira,0
3079,Mirchi,0
3080,Misaal,0
3081,"Missing You",0
3082,"Miss Ta Krengi Tuvi",0
3083,"Miss Use",0
3084,"Miss World",0
3085,"Miss You",0
3086,"Miss You Enna Sara 2",0
3087,"Miss you enna sara",0
3088,"Mis Reglas",0
3089,"Mitha Bolke",0
3090,"Mitha Mitha",0
3091,"Mithe Bol",0
3092,"Mithi Jahi",0
3093,"Mithi Mithi Baarish",0
3094,"Mithi Mithi",0
3095,"Mitran De Charche (feat. Bakshi Billa)",0
3096,"Mitran Kol Teri Yaad",0
3097,Mitti,0
3098,"Mitti Di Khushboo",0
3099,"Mittran Da Naa",0
3100,"Mittra&#039;n Di Pagg Warga",0
3101,"Miya Biwi",0
3102,"Mi Amor",0
3103,"Modde Te",0
3104,"Modern Ranjha",0
3105,Mohabat,0
3106,"Mohabbat Ab Bechata",0
3107,Sayonee,0
3108,"Mohabbat Badnaam",0
3109,"Mohabbat Hai",0
3110,"Mohabbat Hai Tumse",0
3111,"Mohabbat Phir Ho Jayegi",0
3112,Mohabbat,0
3113,Mohabbtan,0
3114,"Mohali Waliye",0
3115,Mohtarma,0
3116,"Moj Darling",0
3117,Monalisa,0
3118,Monday,0
3119,Mood,0
3120,"Mood Happy",0
3121,"Mood Pichkari Ke",0
3122,Moonlight,0
3123,"More Saiya Ji Se Ke Sughar Ba",0
3124,Morni,0
3125,Mor,0
3126,"Mota Jaib Ho",0
3127,"Valimai 2021",0
3128,"Mouser Wargi",0
3129,"Move Your Body",0
3130,"Mr. Haryana",0
3131,"Muchha Aala Yaar",0
3132,"Muchha Wale",0
3133,"Muchh Diyan Fan",0
3134,"Mudde Ute Aa",0
3135,"Muh Mare Raja",0
3136,"Muh Torh Dungi",0
3137,"Mujhe Peene Do",0
3138,"Mujhko Mana Lena",0
3139,"Mujhse Bura Na Koi",0
3140,Mukammal,0
3141,"Mukdi Gal",0
3142,Mukhdaa,0
3143,"Mukhiya Ji",0
3144,"Mukh Tera",0
3145,Mulajedari,0
3146,Mulakaat,0
3147,"Mulakaat Jattiye",0
3148,Mulakat,0
3149,Mulakh,0
3150,Mulaqaat,0
3151,Mulaqat,0
3152,"Mull Tardu",0
3153,"Munda Grewala Da",0
3154,"Munda Gucci",0
3155,"Munda Like Karda",0
3156,"Munda Takda",0
3157,Mundeer,0
3158,"Mundeya Ve",0
3159,"Munde Desi",0
3160,"Munde Mere Shehar De",0
3161,Muraliya,0
3162,"Murga Murgi Ki Noutanki",0
3163,"Murphy Aala Radio - Single",0
3164,"Yaadhum Oore Yaavarum Kelir",0
3165,"Musafir ",0
3166,"Muscle Caran",0
3167,"Music Mera",0
3168,"Muskura Ke Chali Gayi",0
3169,"Parris Jeyaraj",0
3170,Mutiyaar,0
3171,"Mutiyare ni",0
3172,Mutiyar,0
3173,"My Block",0
3174,"My City",0
3175,"My Hommies",0
3176,"My Hood",0
3177,"My Lady",0
3178,"My Mum",0
3179,"My Rulez",0
3180,"My Talk",0
3181,"My Time",0
3182,"My Way",0
3183,M-Town,0
3184,"Naach Meri Rani",0
3185,"Naach Re Patarki",0
3186,"Naad E Ali",0
3187,"Naagin Dance",0
3188,"Naagin Jaisi Kamar Hila (From &quot;Sangeetkaar&quot;)",0
3189,Naagin,0
3190,Naagni,0
3191,Bala,0
3192,"Naal Naal",0
3193,"Naam Ada Likhna",0
3194,"Naam Tera",0
3195,Naam,0
3196,"Naanga Vera Maari (From &quot;Valimai&quot;)",0
3197,Naanke,0
3198,Theeni,0
3199,"Naan Thoda",0
3200,"Naar Ni Dekhi",0
3201,"Naa Chalda",0
3202,"Naa Dooja Koi",0
3203,Nachdi,0
3204,"NachLai Goriye",0
3205,"Nachna Pau",0
3206,"Nachunga Aise",0
3207,"Nachungi Jaroor",0
3208,"Nach Ke Malkini",0
3209,"Nagin Dance",0
3210,Nagni,0
3211,"Nahi Jaana",0
3212,"Nahi Jandi",0
3213,"Nahi Milni",0
3214,"Naina Morey",0
3215,"Naina Tu Behna Tu",0
3216,"Nainital K Jhumke",0
3217,"Nainowale Ne",0
3218,"Nain Bandhe Naino Se (From &quot;Thalaivii&quot;)",0
3219,"Nain Bengali",0
3220,"Nain Bolde",0
3221,"Nain Matakka",0
3222,"Nain Nain",0
3223,"Naiyo Lagna",0
3224,Naiyyo,0
3225,"Nai Chaida",0
3226,"Nai Chaidi",0
3227,"Nai Jaana",0
3228,"Nai Jeena",0
3229,Nakhra,0
3230,"Nakhre Aali",0
3231,Nakhre,0
3232,"Nakhre Tere",0
3233,Nakhro,0
3234,Nakkhre,0
3235,"Nakk Te Makhi",0
3236,Name,0
3237,Nammazann,0
3238,Kedarnath,0
3239,"Nanado Ke Bar Ba Nathuniya",0
3240,"Nanad Ke Beer",0
3241,"Nanak Naam",0
3242,Nanchaku,0
3243,"Nandi Ka Bira",0
3244,"Nandi Ke Beera",0
3245,Bansuri,0
3246,Nankana,0
3247,Naqaab,0
3248,"Narak - Marichika",0
3249,"Narrow Suit",0
3250,Nasha,0
3251,"Nasha Hai",0
3252,"Nasheeli Nasheeli",0
3253,"Nashile Nain",0
3254,"Nashili Lage",0
3255,Nasty,0
3256,"Natpu (From &quot;RRR&quot;)",0
3257,Nattiya,0
3258,"Natural Beauty",0
3259,Nature,0
3260,"Naulakha - Single",0
3261,"Nava Saal",0
3262,"Nava Yaar",0
3263,"Navratri Ki Aai Hai Pavan Ghadi",0
3264,"Nazaare Luttne",0
3265,Nazaraa,0
3266,NAZAR,0
3267,"Nazar - Single",0
3268,Nazraan,0
3269,Nazran,0
3270,"Na Baba Na",0
3271,"Na Cher Malangaan Nu",0
3272,"Na Hai Meri Khata",0
3273,"Na Hona Tumse Door",0
3274,"Na Ja Tu",0
3275,"Na Karde",0
3276,"Na Maar",0
3277,"Na Mai Hu Na Tu - Single",0
3278,"Na Manzoori",0
3279,"Na Nai Sunna",0
3280,4AM,0
3281,"Na Na Jatta",0
3282,"Na Na",0
3283,"Na Na Na",0
3284,"Na Ni Keh Sakdi",0
3285,"Na Puch Ke",0
3286,"Na Re Chhora",0
3287,"Na Ye Dada Na Ho",0
3288,Necklace,0
3289,"Nedey Nedey",0
3290,"Need To Know Now",0
3291,"Need You",0
3292,"Neela 60",0
3293,"Neela Ford",0
3294,"Neeliya Akhan",0
3295,"Neendo Se Breakup",0
3296,"Sarpatta Parambarai",0
3297,"Arun Vijayin Borrder",0
3298,"New Days",0
3299,"New Love",0
3300,"Night Life",0
3301,Nikaah,0
3302,Nikkah,0
3303,"Nikke Nikke Khalsey",0
3304,"Nimbu Paani",0
3305,Nine1,0
3306,Niranabasi,0
3307,"Nirbhau Nirvair",0
3308,Nishaniyan,0
3309,Nishani,0
3310,"Niven Niven Suit",0
3311,"Ni Jana",0
3312,"No1 Yaari Ka Comeback",0
3313,"Nobody Like You",0
3314,"Non Stop Bollywood Dandiya-2021",0
3315,"Nose Pin",0
3316,"Notaan Wali Dhauns",0
3317,"Note Gulabi",0
3318,"Note vs Dollar",0
3319,"Nothing Else",0
3320,Notorious,0
3321,"Notorious Jatt",0
3322,"Noxious Jatt",0
3323,"No Chase",0
3324,"No Doubt",0
3325,"NO LOVE",0
3326,"NO MORE SHADA",0
3327,"No No No No",0
3328,"No One",0
3329,Number,0
3330,"Number Likh",0
3331,Oceana,0
3332,"Made in China",0
3333,"Official Story",0
3334,Off,0
3335,Og,0
3336,"Ohh Maa",0
3337,"Ohi Jatt",0
3338,"Ohi Munda",0
3339,"Ohi Ohi Jatt",0
3340,"Oh Bewafa",0
3341,"Oh Hubby Ji (feat. Mr Mrs Narula)",0
3342,"Oh My God",0
3343,"Oh Na Reha",0
3344,"Oh Pind",0
3345,"The Power",0
3346,"Oh Sanam",0
3347,"Ok - Single",0
3348,"Ok Report",0
3349,"OK Report ",0
3350,Olympic,0
3351,"Om Namah Shivay",0
3352,"One Life Baby 2",0
3353,"One Life",0
3354,"One Sided",0
3355,"One Wish",0
3356,"Only Jatts",0
3357,"On My Way",0
3358,Oosingo,0
3359,"Oot Patangi",0
3360,"Oppa Oppa",0
3361,"Ore Piyaa Re",0
3362,"Os Time",0
3363,"Othlaliya Rauwa Muhe Lagal Ba",0
3364,Outfit,0
3365,Outlaw,0
3366,"Out of Control",0
3367,"Out Of Range",0
3368,"Out With Doubt",0
3369,Ova,0
3370,"Over You",0
3371,"O Dilbar Yaara",0
3372,"O Jaanwaale",0
3373,"O Mere Channa Vey",0
3374,"O Mere Dil Ke Chain - Shahid Mallya And Parry G",0
3375,"O Pushpa I Hate Tears",0
3376,"O Raahi",0
3377,"O Saiyyonii",0
3378,"O Sajnaa",0
3379,P.H.K.M,0
3380,Paagall,0
3381,Paagal,0
3382,Paagla,0
3383,"Paagla (From &quot;Qismat 2&quot;)",0
3384,"Paanch Sakhi - Single",0
3385,"Paani Mai",0
3386,"Paani Paani",0
3387,"Paas Aao Na",0
3388,"Paa Jhappiyaan",0
3389,"Paa Peg",0
3390,"Pabb Chak Ke",0
3391,Pablo,0
3392,"Pachak Ladki",0
3393,"Pachdi Ni",0
3394,Pachtaoge,0
3395,Pagala,0
3396,Pagalpan,0
3397,"Pagal Jeha",0
3398,"Pagal Na Hojawa",0
3399,"Pagal Sa Rapper",0
3400,"Paggan Tediya",0
3401,"Pagla Pagli 3 Rap Song",0
3402,"Pagli Paani Mein",0
3403,"Pag Ghunghroo Baandh - Khesari Lal Yadav And Shilpi Raj",0
3404,Paindoo,0
3405,Paint,0
3406,"Pain Killer",0
3407,Pajeb,0
3408,Pakeezgi,0
3409,"Pakkam Neeyum Illai",0
3410,"Palazzo 2",0
3411,Palazzo,0
3412,Pangebaaz,0
3413,PANGHAT,0
3414,"Panjan Wala Note",0
3415,Panjeb,0
3416,"Panj Satt Yaar",0
3417,"Panwa Jas Badanawa",0
3418,Papahia,0
3419,Papa,0
3420,"Dandiya Mashup",0
3421,Paranda,0
3422,"Para Ceta Mol",0
3423,"Para Rum Pa",0
3424,Parche,0
3425,"Parche Return&#039;s",0
3426,Pardesi,0
3427,Pardhangi,0
3428,"Parinda (From &quot;Saina&quot;)",0
3429,"Pariya Diye Jaiye",0
3430,"Parmanu Bumb",0
3431,Paro,0
3432,Parshawan,0
3433,"Partition 1947",0
3434,"Party Ho Rai Hai",0
3435,"Party Mashup",0
3436,"Pasand Aaya",0
3437,"Pasand Bangi",0
3438,"Pasand Bate Tore",0
3439,"Pasand Tu Ve",0
3440,Patake,0
3441,Patakha,0
3442,"Patari Kamariya",0
3443,"Pata Nahio Lagda",0
3444,Patbijna,0
3445,"Patiale Wala (feat. Sudesh Kumari)",0
3446,Patience,0
3447,"Patla Dupatta",0
3448,"Patli Kamariya",0
3449,"Patli Patang",0
3450,Patole,0
3451,"Patta Goli Ka",0
3452,"Patthar Ke Sanam",0
3453,"Patthar Wargi",0
3454,Patwaran,0
3455,Patwari,0
3456,"Pauni Pauni",0
3457,"Pauve Da Nasha",0
3458,"Payala Ka Joda - Single",0
3459,"Payal Chandi Aali 2",0
3460,"Payal Chandi Ki 2",0
3461,"Payal Chandi Ki",0
3462,Payal,0
3463,FIR,0
3464,PAYBACK,0
3465,PCR,0
3466,"Peele Peele",0
3467,"Peene Lage Ho",0
3468,"Peg Maar Ke",0
3469,"Peg Marungi Jaroor",0
3470,"Pehla Nasha - Raj Barman And Rashmi Poddar",0
3471,"Pehla Pyaar",0
3472,"Pehla Pyar",0
3473,"Pehla Wale 2",0
3474,"Pehle Pyaar Ka Pehla Gham (Feat. Khushali Kumar)",0
3475,Pehredaariyan,0
3476,"Pekyaan Nu",0
3477,Perfect,0
3478,"Perfect Choice",0
3479,"Per Aazhi (From &quot;Memories&quot;)",0
3480,"Peshi (feat. Shree Brar)",0
3481,"Petrol Pump",0
3482,"Pe Pe Ke",0
3483,Phantom,0
3484,"Phir Aaoge",0
3485,"Phir bhi aas lagi hai 2.0",0
3486,"Phir Mohabbat",0
3487,"Phir Se Tu Aa",0
3488,"Phir Tu Kyu Mainu",0
3489,"Haseen Dillruba 2021",0
3490,Phone,0
3491,"Phone Te Ishq",0
3492,Photoan,0
3493,Photo,0
3494,Phull,0
3495,"Phutte Kam",0
3496,"Piliye Me Pistol",0
3497,Pinch,0
3498,Pincode,0
3499,"Pinda Aale",0
3500,"Pind Baluchi by Shahid Mallya",0
3501,"Pind Ch Charche",0
3502,"Pind Khali Lagda",0
3503,"Pind Mera",0
3504,Pind,0
3505,"Pind To Valayat",0
3506,"Pink Pink",0
3507,Pistol,0
3508,"Pittal Da Raund",0
3509,Pittal,0
3510,"Piyaji Dekho",0
3511,"Piya Jhumke La De",0
3512,"Piya Ji Ke Sanng",0
3513,"Piywa Ke Mushki Pe",0
3514,"Pi Ke Likheya Ae",0
3515,Playboy,0
3516,"Play Date",0
3517,"Plus 2 Pass",0
3518,"Plus 6 Foot",0
3519,"Police Mulajam",0
3520,"Pothanur Thabal Nilayam",0
3521,"Pounda Wale Sheikh",0
3522,"Power (From &quot;Jai Bhim&quot;)",0
3523,Prada,0
3524,Prahune,0
3525,Praise,0
3526,"Prathana Hum Na Haare Kabhi",0
3527,"Premawa Se Bolo Happy New Year",0
3528,"President - Warning",0
3529,Pressure,0
3530,"Private Jatt",0
3531,Promises,0
3532,Promise,0
3533,Proof,0
3534,Provide,0
3535,"Pro Jatts",0
3536,Psycho,0
3537,Puadh,0
3538,"Public Place",0
3539,"Puchho Na",0
3540,"Pudina Ke Chatni",0
3541,"Pumped Up",0
3542,Punjab,0
3543,"Punjab Mere Layi",0
3544,"Punjab to Surrey",0
3545,"Purana Punjab Chapter 1",0
3546,"Purbi Bayriya",0
3547,"Purchase Pyar",0
3548,"Putt Jattan De",0
3549,"Puzzle Life",0
3550,"Pyaar...Ek Tarfaa",0
3551,"Pyaar Chahiye",0
3552,"Pyaar (From &quot;Yes I Am Student&quot;)",0
3553,"Pyaar Hai Mera",0
3554,"Pyaar Ho Gya",0
3555,"Pyaar Ho Jayega",0
3556,"Pyaar Kari Jaane O",0
3557,"Pyaar Karona",0
3558,"Pyaar Karte Ho Na",0
3559,"Pyaar Karugi",0
3560,"Pyaar Ke Saleeqe",0
3561,"Pyaar Non-Veg",0
3562,"Pyaar V Karna Sikhle",0
3563,"Pyarr Tumse",0
3564,"Pyar Chalda",0
3565,Aasra,0
3566,"Pyar Diyan Rahan",0
3567,"Pyar Di Hawa",0
3568,"Pyar Di Kahani",0
3569,"Pyar Hoya Ae",0
3570,"Pyar Hoya",0
3571,"Sanam - Pyar Hua Chupke Se",0
3572,Pyar,0
3573,"Pyar Karke",0
3574,"Pyar Kar Di",0
3575,"Pyar Ka Nasha",0
3576,"Pyar Ke Saboot",0
3577,"Pyar Mangda",0
3578,"Pyar Mein Bapawa Diwar Bhail Ba",0
3579,"Pyar Mera",0
3580,"Pyar Ni Karda",0
3581,"Pyar Tera",0
3582,"Pyar Wali Gall",0
3583,"Qaafira Ve",0
3584,"Qadar Na Jaani",0
3585,Qatal,0
3586,Warning,0
3587,Qatra,0
3588,Qubool,0
3589,Queen,0
3590,"Qurbaan Hua",0
3591,Qurbaan,0
3592,"Raahi (Tunka Tunka)",0
3593,"Raaji Bolja Chhod De Narajgi - Single",0
3594,"Raakhi Karda",0
3595,"Raamam Raaghavam (From &quot;Rrr&quot;)",0
3596,Raanjhana,0
3597,"Raat Baki",0
3598,"Raat 2021",0
3599,"Raat Ka Kajal",0
3600,"Raat Saari",0
3601,Trance,0
3602,Raazi,0
3603,"Rabba Maine Chand Vekhya",0
3604,"Rabba Ve",0
3605,"Rabb Di Khoj",0
3606,"Rabb Jane",0
3607,"Rabb Manaya",0
3608,"Rabb Wangu",0
3609,"Rab Ne Jo Pucha",0
3610,Radar,0
3611,Radha,0
3612,"Radha Rani",0
3613,"Radha (Unconditional Love)",0
3614,"Radhe Radhe",0
3615,"Radhe Tere Charno Ki",0
3616,"Rafal Sarane",0
3617,"Raflan Te Botlan",0
3618,"Rafta Rafta",0
3619,Rahat,0
3620,"Rahiye Hasde",0
3621,"Rail Ki Bhambhiri (feat. Sapna Choudhary &amp; Keshav Dev Sheru)",0
3622,"Rail Me Dhakke Laage Se",0
3623,"Do Vail",0
3624,"Raja Ji Ke Jawab Naikhe",0
3625,"Raja Ji Khoon Kaida",0
3626,"Raja Ji",0
3627,"Raja Rani",0
3628,Rajdulaari,0
3629,"Rajinama ",0
3630,"Rajwade Jatt",0
3631,Rakaan,0
3632,Rakhdi,0
3633,"Rakh Haunsla (Tunka Tunka)",0
3634,Rampyari,0
3635,"Ram Ram",0
3636,"Ram Tumhara Naam",0
3637,"Rande Malang",0
3638,"Rangava Laga Ke Jaan Bhula Gaeel",0
3639,"Rangbaaz Loverwa",0
3640,"Rangdar Piywa",0
3641,Range,0
3642,"Rangle Dupatte",0
3643,"Rang Barse",0
3644,"Rang Choli Mein Lagake Devara",0
3645,"Rang Ishq Ka",0
3646,"Rang Ja",0
3647,"Rang Lagaya Tune",0
3648,"Rang Lageya",0
3649,"Rang Roop",0
3650,"Rang Sawla",0
3651,"Rani Cypher",0
3652,Ranjhana,0
3653,Ranjha,0
3654,"Ranjha (Reprise)",0
3655,Rapat,0
3656,Rapchics,0
3657,"Rara Riri Rara Reloaded",0
3658,"Raula (feat. Gurlez Akhtar)",0
3659,"Raule Gaule",0
3660,Raule,0
3661,"Raund 2.0 (feat. Singga)",0
3662,Raund,0
3663,"Ravan Ravan Hoon Main",0
3664,"Razzi Bolja",0
3665,"Reality Check",0
3666,Reason,0
3667,"Record Breaker",0
3668,Record,0
3669,"Record Torde",0
3670,"Red Alert",0
3671,"Red Eyes",0
3672,"Red Nose",0
3673,"Red Rose",0
3674,"Red Suit",0
3675,Reejh,0
3676,Reelan,0
3677,"Rees Jatt de",0
3678,Reetan,0
3679,"Refer to God",0
3680,"Refugee Jatt",0
3681,Regret,0
3682,"Reham Karo",0
3683,"Rehen De Jatta",0
3684,"Bole Chudiyan",0
3685,"Rehne Lage Tum Dil Mein",0
3686,Rehnuma,0
3687,Relation,0
3688,"Reliya Re",0
3689,Remand,0
3690,"Reply (From &quot;Homeland&quot;)",0
3691,Retina,0
3692,"Rich Kid",0
3693,Ride,0
3694,"Right Place",0
3695,"Right to Left",0
3696,Rihaee,0
3697,"Rimjhim Gire Sawan - Pranav Chandran",0
3698,"Rim Jhim",0
3699,"Shyam Singha Roy",0
3700,Rise,0
3701,"Rishta Kya",0
3702,"Rishtey vs. Telephone",0
3703,Rivers,0
3704,Riwaz,0
3705,"Roam Roam",0
3706,Roar,0
3707,"Roar (Dahaad)",0
3708,"Roar Of Rajput",0
3709,Robbery,0
3710,"Rockstar Live",0
3711,Roka,0
3712,"Roko Roko",0
3713,"Rok De Mitarr",0
3714,"Rok Lai",0
3715,Rolex,0
3716,"Roll Up",0
3717,"Romantic Raja",0
3718,"Rona Likha Tha",0
3719,"Rona Nahi",0
3720,"Rona Paina",0
3721,"Rondan Di Petti",0
3722,"Rondi Car",0
3723,"Ronna Hi Si",0
3724,"Ron Na Deva",0
3725,"Roohan Diyan Yaariyan",0
3726,Rooh,0
3727,"Rooh Da Hani",0
3728,"Roop Ka Palka",0
3729,Rotiyan,0
3730,Roti,0
3731,"Rough Tone",0
3732,Round,0
3733,"Rovaan Layi",0
3734,"Rovan Tenu Yaad Karke",0
3735,"Royal Rumble",0
3736,"Royal Walk",0
3737,"Roya Main",0
3738,"Roye Na",0
3739,"Royi Na",0
3740,"Ro Ro Ke",0
3741,rubberband,0
3742,Rubicon,0
3743,Ruger,0
3744,Ruhama,0
3745,"Ruk Ja Zara",0
3746,"Rula Ke Gaya Ishq",0
3747,"Rule Mere",0
3748,"Rum Te Gum",0
3749,"Runak Jhunak",0
3750,"Rusdi Naa",0
3751,"Russe Tu",0
3752,"Russian Barrel",0
3753,"Russian Weapon",0
3754,"Russi Nu Mnaa Laina",0
3755,"Russ Jani Aan - Single",0
3756,"Rus Rus Ke",0
3757,Ruttan,0
3758,"Rwaun De Layi",0
3759,"Saab (From &quot;Yes I Am Student&quot;)",0
3760,"Saada Bewafa",0
3761,"Saade Siro",0
3762,"Saadh Banda",0
3763,"Saadi Marzi",0
3764,"Saagar Paar",0
3765,"Saah Banke",0
3766,"Saah Chalde",0
3767,"Saah (Tunka Tunka)",0
3768,Saak,0
3769,"Saale Darde",0
3770,Saanwal,0
3771,"Saara Din",0
3772,"Saara India",0
3773,"Saara Kaattrae (From &quot;Annaatthe&quot;)",0
3774,"Saari Ki Saari 2.0",0
3775,"Saari Raat",0
3776,"Saasre Ka Rang (2021)",0
3777,"Saas Tharo Choro",0
3778,"Saath Kya Nibhaoge",0
3779,Saath,0
3780,"Saat Samundar Paar",0
3781,Saawariya,0
3782,Saazish,0
3783,"Sabte Unchi Haveli",0
3784,"Saccha Wala Love",0
3785,"Sache Wala Luv",0
3786,"Sachiyan Yaariyan",0
3787,"Sachi Geya Badal",0
3788,"Sachi Suchi Raah",0
3789,"Sach Keh Raha Hai",0
3790,"Saddi Car Nachdi",0
3791,"Sade Muklawe",0
3792,"Sade Pind De",0
3793,"Sadiya La Da Balam Kalkatiya",0
3794,"Sadh Khushian",0
3795,"Sad Reel",0
3796,"Sad Song",0
3797,"Safar Aur Baarish",0
3798,"Safar E Shahadat",0
3799,"Safar Ka Nasha",0
3800,"Sagai Wala Ring Maine Tod Diya",0
3801,"Saggi Phull",0
3802,Sahaare,0
3803,"Sahi Sahi",0
3804,"Saije Bataye Dehatu",0
3805,"Saiyaan Bol Bhoomi 2020",0
3806,"Saiyaan Bol",0
3807,"Saiyaan Ji",0
3808,"Saiyan Ke Rakhab Saari Mein Lapet Ke",0
3809,"Saiyan Re",0
3810,"Saiyan Satrangi",0
3811,Saiyyonee,0
3812,Sajanaa,0
3813,"Sajda Karaan",0
3814,Sajda,0
3815,Sajjan,0
3816,"Sajna, Say Yes To The Dress",0
3817,"Sajna 2020",0
3818,"Sajna Ve Sajna",0
3819,"Sajna Ve",0
3820,"Sajna Vi Tur Jana",0
3821,Sajni,0
3822,"Sajte Ho",0
3823,Sakhiyaan,0
3824,"Bell Bottom - Bollywood 2021",0
3825,"Salaam E Ishq",0
3826,"Salama Hundiyan",0
3827,Salam,0
3828,Saleti,0
3829,"Salia Da Naka",0
3830,"Salman Khan Aaya Hai",0
3831,Salute,0
3832,"Samajh Na Paaogey",0
3833,"Same as You",0
3834,"Same Beef",0
3835,"Samiyana Ke Saata Bhail Ba",0
3836,"Samjho Na",0
3837,"Samjh Ni Aundi",0
3838,"Sample Yaara Ke",0
3839,"Sanam Tujhko",0
3840,"Sandhua Da Munda",0
3841,"Sandook Tera Maye",0
3842,Sanjog,0
3843,Sanju,0
3844,Sanseinn,0
3845,"Sanson Ki Mala",0
3846,Santa,0
3847,"Durga Chalisa Durga Kawach",0
3848,"Sanu Te Changa",0
3849,Sanwli,0
3850,"Sapna 2",0
3851,"Sarafa Bazar",0
3852,"Saraswati Vandana",0
3853,Sardara,0
3854,Sardari,0
3855,"Sardar Di Sardarni",0
3856,"Sarkari Naukar",0
3857,Sarkar,0
3858,"Saroor (From &quot;Honsla Rakh&quot;)",0
3859,Saroor,0
3860,"Sasura Ji Lade Utni",0
3861,"Sasura Mein Bhatar Dali",0
3862,"Sasura Mein Ka Khailu Mota Gailu",0
3863,"Sasure Se Sorry",0
3864,"Satane Lage Ho",0
3865,"Sathiya Tere Bina",0
3866,Sathi,0
3867,"Sath Mai",0
3868,"SATH TERE",0
3869,"Satnam Waheguru",0
3870,"Satrangi Piya",0
3871,"Sau Dard",0
3872,"Sau Putt",0
3873,"Sau Sau Wari Khat Likhe",0
3874,Savage,0
3875,Savan,0
3876,Sawaal,0
3877,Sawaan,0
3878,"Sawarga da Jhoota",0
3879,"Sayonee (From &quot;Sayonee&quot;)",0
3880,"Say Yes",0
3881,Sazaa,0
3882,Scandal,0
3883,Scan,0
3884,"Scared To Love",0
3885,Scarface,0
3886,Schedule,0
3887,"School Di Topper",0
3888,Scorpio,0
3889,Script,0
3890,"Seat Utte Paee Tedha Tedha",0
3891,Secure,0
3892,"Seedha Takeover",0
3893,"Raame Aandalum Raavane Aandalum",0
3894,Sehra,0
3895,"SEH JAAUN",0
3896,Sek,0
3897,Selfie,0
3898,Selfiyan,0
3899,Selfmade,0
3900,"Semma Bodha",0
3901,Sengaatula,0
3902,"Serious Karke",0
3903,"Serious Matter",0
3904,"Shaadi Hone Wali Hai",0
3905,"Shaadi Ka Laddu - Single",0
3906,Shaamein,0
3907,"Shaanti Hai Bohot",0
3908,"Shaawa Teri Tor",0
3909,Shabab,0
3910,"Shahar Aali Dhabban",0
3911,"Shah Ji",0
3912,"Shah Rukh Khan",0
3913,"Shakal De Sohne",0
3914,"Shaka Laka Boom Boom",0
3915,"Shaman Pai Gaiyan Kesariya Balam",0
3916,"Shambhoo Re",0
3917,Shankara,0
3918,Shanti,0
3919,"Sharara (feat. Poonam Sood)",0
3920,Sharara,0
3921,Shardanjali,0
3922,"Shareef Bande",0
3923,Shareef,0
3924,Shareeka,0
3925,Shareek,0
3926,Shartan,0
3927,Shart,0
3928,Shaunk,0
3929,Shayar,0
3930,Sheesha,0
3931,"Sheesha Toot Javega - Single",0
3932,Sheeshe,0
3933,"Shehar Chandigarh Chale Aa",0
3934,"Shehar Ki Gali",0
3935,Shehar,0
3936,Sherniyan,0
3937,"Sher Da Shikar",0
3938,"Sher (From &quot;Honsla Rakh&quot;)",0
3939,Sheykhar-Rang,0
3940,"She Bad",0
3941,"She Don&#039;t Know (From &quot;Blessed&quot;)",0
3942,Shikari,0
3943,Shikayat,0
3944,Shikwa,0
3945,Shimla,0
3946,"Shimmy That",0
3947,Shisha,0
3948,"Shiv Chalisa",0
3949,"Shiv Panchakshar Stotra",0
3950,"Shiv Sama Rahe",0
3951,"Shiv Shambho By Kailash Kher",0
3952,"Shiv Shiv Shankara (Hindi)",0
3953,Shokeen,0
3954,Shola,0
3955,"Shona Shona",0
3956,"Shoot at Sight",0
3957,"Shopping Karwade",0
3958,"Shraab Wargi",0
3959,"Shreaam (feat. Mr. Black)",0
3960,"Shreaam Pagal",0
3961,"Shri Krishna Govind Hare Murari",0
3962,Shukriya,0
3963,Shuruata,0
3964,Shy,0
3965,"Side Pose",0
3966,Sikandar,0
3967,"Sikha Di Kahani",0
3968,"Sikhleya Kar",0
3969,Sikhya,0
3970,"Sikka Band",0
3971,"Silli Silli",0
3972,"Simple Life",0
3973,Singh,0
3974,"Singh Shaheed",0
3975,"Siraa (feat. Miss Pooja)",0
3976,"Sira Bande",0
3977,Sira,0
3978,"Sira Sira",0
3979,"Sirf Tu",0
3980,"Sirr Fatda",0
3981,"Sirr Polla",0
3982,Sitaron,0
3983,"Sit Down",0
3984,Skin,0
3985,skip.that.party,0
3986,Skookum,0
3987,Skoon,0
3988,"Skrrt Karenge",0
3989,"Sky High",0
3990,Slay,0
3991,"Slow Ride",0
3992,"Slow Slow",0
3993,"Smile Deke Dekho",0
3994,"Snake Charmer",0
3995,Sniper,0
3996,Snitch,0
3997,Sochan,0
3998,"Socha Bhi Nahi",0
3999,"Socha Na Tha",0
4000,Sohna,0
4001,"Sohna Sardar",0
4002,"Sohnea 2",0
4003,"Sohneya Ve",0
4004,"Sohne Di Pasand",0
4005,"Sohne Sohne Rang",0
4006,"Sohni Lagdi",0
4007,"Sohni Lagge Tu",0
4008,"Sohn Pari",0
4009,"Solo Laila",0
4010,"Solva Saal",0
4011,"Something Stupid",0
4012,"Sonn Pann",0
4013,Sookha,0
4014,Mahaan,0
4015,Soorma,0
4016,Sorry,0
4017,"Sorry Song",0
4018,"Sorry Sorry",0
4019,Soulmate,0
4020,"Sound De",0
4021,"South Movie",0
4022,"So Ja Rajkumari",0
4023,"Speak Out",0
4024,"Spend Life",0
4025,Spoiled,0
4026,"Srinagar Waliye",0
4027,"Stand With You",0
4028,Starbuck,0
4029,"Stardom (feat. Saini Surinder)",0
4030,Star,0
4031,"Star (Pradeep Pandey &#039;Chintu&#039;)",0
4032,Statue,0
4033,"Stay Away",0
4034,"Still High",0
4035,"Still in Love",0
4036,"Still Standing",0
4037,Storiyan,0
4038,"Straight Outta Abby",0
4039,"Straight Outta Mohali Returns",0
4040,Stranger,0
4041,Strawberry,0
4042,Streak,0
4043,"Streets On Lock (feat. Gurlej Akhtar)",0
4044,"Street King",0
4045,"Street Talk",0
4046,"Stronger (feat. Kesha)",0
4047,Struggler,0
4048,"Student Union",0
4049,Success,0
4050,"Sucha Soorma",0
4051,"Sufi Song Qawali",0
4052,Suicide,0
4053,"Suitan Wali Car",0
4054,"Suit Burgundy",0
4055,"Suit Patiala",0
4056,"Suit Patiyala",0
4057,"Suit Plazoo",0
4058,"Suit Purane",0
4059,Suit,0
4060,"Sukh Naal",0
4061,Summer,0
4062,"Suni Chal",0
4063,Sunroof,0
4064,"Sun Beba",0
4065,"Sun Jattiye (feat. Manav Sidhu)",0
4066,"Sun Le Saathiya",0
4067,"Sun Le Zara",0
4068,"Sun Sonio",0
4069,"Sun Tatta Tatta",0
4070,"Sun Yaara",0
4071,"Sun Zara",0
4072,"Super Te Upar",0
4073,Supna,0
4074,"Supneya da Geet",0
4075,"Supne Viah De",0
4076,Suraj,0
4077,"Surma (From Alll Rounder)",0
4078,Surma,0
4079,"Surma Kaala",0
4080,"Surme Rangi",0
4081,Surname,0
4082,Surrender,0
4083,"SURREY vs. MAJHA",0
4084,"SURROOR 2021 TITLE TRACK",0
4085,"Suthri Lage Se - Single",0
4086,"Sukhri Si Chori 2",0
4087,Suzhaluren,0
4088,Swagy,0
4089,"Swarz Life",0
4090,Sweety,0
4091,"Swipe Right Material",0
4092,Taakre,0
4093,"Taani Yaaran Di 2",0
4094,"Taareyan De Naal",0
4095,"Taareyan Naal Galbaat",0
4096,Taarifein,0
4097,"Taaron Ke Shehar",0
4098,Shakeela,0
4099,Taaz,0
4100,"Taa Vi Mardi",0
4101,Tabaahi,0
4102,"Tagda Haryanvi Mashup 21",0
4103,"Tainu Pata E Aa",0
4104,"Tainu Waza",0
4105,Takdeer,0
4106,"Takhte (Tunka Tunka)",0
4107,Takrar,0
4108,"Talda Ni",0
4109,"Talku Lessu Worku Moreu (From &quot;Murungakkai Chips&quot;)",0
4110,"Talk Of The Town",0
4111,"Tamancha Nach Re Sweety",0
4112,Tamatar,0
4113,Tanhaai,0
4114,Tanhaiyan,0
4115,"Tanha Dil Tanha Safar",0
4116,"Tanha Kyun",0
4117,"Joshua Imai Pol Kaakha",0
4118,TARAKEE,0
4119,"Tarasti Hain Nigahain",0
4120,Target,0
4121,"Tasvi De Manke",0
4122,Taur,0
4123,"Tedda Jatt",0
4124,"Teddy Bear",0
4125,"Tees Maar Khan",0
4126,TEG,0
4127,"Teji Seat (feat. Kaka ji)",0
4128,"Tell Me",0
4129,Tender,0
4130,"Tenu Chad Ta",0
4131,"Tenu Chete Karda",0
4132,"Tenu Eda Bhullange",0
4133,"Tenu Fer Pata Laghu",0
4134,"Tenu Vekhan Da",0
4135,"Tenu Yaad Karaan",0
4136,"Tera Ban Jana",0
4137,"Tera Dard",0
4138,"Tera Deewana",0
4139,"Tera Dil",0
4140,"Tera Door Ni Canada",0
4141,"Tera Fitoor",0
4142,"Tera Hona Aaya",0
4143,"Tera Hoon Na",0
4144,"Tera Intezar",0
4145,"Tera Ishq",0
4146,"Tera Jikra",0
4147,"Tera Mera Naata",0
4148,"Tera Mera Pyar",0
4149,"Tera Mera Viah",0
4150,"Tera Ni Kasoor",0
4151,"Tera Pyaar",0
4152,"Tera Pyar",0
4153,"Tera Sach",0
4154,"Tera Sehar",0
4155,"Tera Sharara",0
4156,"Tera Shehar",0
4157,"Tera Suit",0
4158,"Tere Aala Saini",0
4159,"Tere Bagairr",0
4160,"Tere Bare About You",0
4161,"Tere Bina",0
4162,"Tere Bina Kaise Jiyu",0
4163,"Tere Bin Jeena Nahi",0
4164,"Tere Bin Zindagi",0
4165,"Tere Hi Ghar Ke",0
4166,"Tere Hi Hum",0
4167,"Tere Jiha Hor Ni Koi",0
4168,"Tere Karke",0
4169,"Tere Ko Maloom Kya",0
4170,"Tere Laare",0
4171,"Tere Labh Pe",0
4172,"Tere Mere Darmiyaan",0
4173,"Tere Mere Mail Ho Gye",0
4174,"Tere Naalon",0
4175,"Tere Naal",0
4176,"Tere Naal Rehniya",0
4177,"Tere Naa Utte",0
4178,"Tere Nashe Mein Choor",0
4179,"Tere Noor Se",0
4180,"Tere Pass",0
4181,"Tere Pind",0
4182,"Tere Saath",0
4183,"Tere Sang",0
4184,"Tere Tey Mardi",0
4185,"Tere Ton Sohni",0
4186,"Bollywood Hits Song 2021 - Pagalworld.com.se",0
4187,"Tere Warga Munda",0
4188,"Terii Umeed",0
4189,"Teriyan Meriyan Laavan",0
4190,"Teriyan Nishaniyan",0
4191,"Teri Aadat",0
4192,"Teri Aakhya Ka Yo Kajal",0
4193,"Teri Aankhein Badi Anmol",0
4194,"Teri Aankhon Mein",0
4195,Thalaivi,0
4196,"Teri Ah",0
4197,"Teri Akh",0
4198,"Teri Baat Aur Hai",0
4199,"Teri Choriyaan (From &quot;Chhalaang&quot;)",0
4200,"Teri Deed",0
4201,"Teri Galli Se",0
4202,"Teri Insta Story",0
4203,"Teri Judai",0
4204,"Teri Life Meri Life",0
4205,"Teri Load Ve",0
4206,"Teri Maa",0
4207,"Teri Meri Baat",0
4208,"Indian Pop Mp3 Songs - PaglaSongs.Com",0
4209,"Teri Need Ve",0
4210,"Teri Ore",0
4211,"Teri Rooh",0
4212,"Teri Sadhgi",0
4213,"Teri Tasveer",0
4214,"Teri Yaari",0
4215,"Terre Pyaar Mein",0
4216,"Thala Kodhum (From &quot;Jai Bhim&quot;)",0
4217,"Ranjish Hi Sahi",0
4218,"Thandi Hawa",0
4219,"Thandi Thandi",0
4220,"Thand Rakh",0
4221,Thanimai,0
4222,"Thanks to God",0
4223,Tharak,0
4224,"Tharo Naam",0
4225,"That&#039;s How I Feel",0
4226,"Thats it",0
4227,"Thats Why",0
4228,Maamanithan,0
4229,Thehra,0
4230,"Theke Pe",0
4231,"The Areaa",0
4232,"The Baaz",0
4233,"The Fuddu Song",0
4234,"The Haryanvi Mashup 9",0
4235,"The Haryanvi Mixtape",0
4236,"The Haters",0
4237,"The High Rated Mashup",0
4238,"The Jatt",0
4239,"The Proper Mashup",0
4240,"The Villagers",0
4241,"The Wedding",0
4242,"The World We Left Behind (feat. KARRA)",0
4243,Thief,0
4244,Thikane,0
4245,"Thik Thak",0
4246,"Thiraiyoadu Thoorigai (From &quot;Radhe Shyam&quot;)",0
4247,"Thoda Sa",0
4248,"Thoda Thoda Hassi",0
4249,"Thoda Thoda Pyaar",0
4250,"Thodda Pyar",0
4251,"Thodi Si Dua",0
4252,"Thodi Si Raat Nashe",0
4253,Thokran,0
4254,"Thok De Killi (From &quot;Time To Dance&quot;)",0
4255,"Thug Life",0
4256,Thumka,0
4257,"Thumke - Single",0
4258,"Tibbeyan Da Putt",0
4259,"Ticket Karwa De Piya",0
4260,"Tiger Zinda Hai",0
4261,Tiktok,0
4262,"Till Death",0
4263,"Till I Die",0
4264,Timeless,0
4265,Timepass,0
4266,"Time 2",0
4267,"Time Ni Lagna",0
4268,"Time On",0
4269,"Time Paas",0
4270,Time,0
4271,"Time To Dance Title Track  (From &quot;Time To Dance&quot;)",0
4272,"Tim Horton",0
4273,Netrikann,0
4274,"Shiddat Title Track (From &quot;Shiddat&quot;)",0
4275,"Tohar Laal Laal Gaal",0
4276,Tohfa,0
4277,"Tohfe (The Gift Of Love)",0
4278,"Toh Aagaye Hum",0
4279,Tokk,0
4280,Tokni,0
4281,"Tom &amp; Jerry",0
4282,Toofan,0
4283,Tootay,0
4284,"Toota Taara",0
4285,"Tootey Khaab",0
4286,"Toot Jaayegi Aas",0
4287,"Toot Jawenge",0
4288,"Too Much",0
4289,"Topiyan Nai Paiyan",0
4290,"Topper 2021",0
4291,"Top Notch Gabru",0
4292,"Top Tucker",0
4293,Tora,0
4294,Toronto,0
4295,"Toronto Vs Vancouver",0
4296,"Totta Bhang Ka",0
4297,"Touch Wood",0
4298,Touheen,0
4299,Town,0
4300,"Town Vich",0
4301,"To The Stars",0
4302,"To The Warrior",0
4303,"Traale Aale",0
4304,Tractor,0
4305,"Tractor Ke Driver",0
4306,Tralla,0
4307,Tralle,0
4308,Transport,0
4309,"Trending Jatti",0
4310,Trending,0
4311,Trigger,0
4312,Trolley,0
4313,"Truck 2021",0
4314,"True Love",0
4315,"Trusted Jatti",0
4316,Truth,0
4317,"Try Kar Ke",0
4318,"Tujhe Bhoolna Toh Chaaha",0
4319,"Tujhe Dekha",0
4320,"Tujhe Dekha To - Kunal Bojewar",0
4321,"Tujhe Janamdin Mubarak",0
4322,"Tujhe Kitna Chahein Aur Acoustic",0
4323,"Tujhe Paane Ko",0
4324,"Tujh Mein Sukoon",0
4325,"Tukur Tukur",0
4326,"Tumhara Hone Laga",0
4327,"Tumhari Jagga",0
4328,"Tumhari Meri Baat",0
4329,"Tumhari Yaad Ayee hai",0
4330,"Tumpe Mar Jaaenge",0
4331,"Tumsa Koi Pyaara",0
4332,"Tumse Pyaar Hai",0
4333,"Tum Aaoge",0
4334,"Tum Bewafa Ho",0
4335,"Tum Ho Mere Sanam",0
4336,"Tum Ho",0
4337,"Tum Itne Cute Kyun Ho (Female Version)",0
4338,"Tum Itne Cute Kyun Ho (Male Version)",0
4339,"Tum Kyu Chale Ate Ho",0
4340,"Tum Na Ho",0
4341,"Sanam - Tum Na Jane Kis Jahan Men Kho Gaye",0
4342,"Pardesi Anthem 2020",0
4343,"Tum Yun Hi Kabhi",0
4344,"Tunn Karta",0
4345,"Turban King",0
4346,Turkey,0
4347,"Tuta Dil",0
4348,"Tutti Bole",0
4349,Tu,0
4350,"Tu Bhi Royega",0
4351,"Tu Bhi Sataya Jayega",0
4352,"Tu Dekhlai",0
4353,"Tu Gori Mai Kala",0
4354,"Tu Hai Toh",0
4355,"Tu Hi Dil Jana",0
4356,"Tu Hi Ik Tu",0
4357,"Tu Hi Lagawa",0
4358,"Tu Hi Mera Dil Hai",0
4359,"Tu Hi Toh Hai Khuda",0
4360,"Tu Item Videsi Hai",0
4361,"Tu Itna Pyaara Kyu Se",0
4362,"Tu Jatta Ve",0
4363,"Tu Jo Kahe",0
4364,"Tu Kahin Main Kahin",0
4365,"Tu Kya Jaane",0
4366,"Tu Lakh Nu Hilade",0
4367,"Tu Mera Misra Hai",0
4368,"Tu Mera Nahi",0
4369,"Tu Mere Dil Main Rehta Hai",0
4370,"Tu Mere Rubaru",0
4371,"Tu Meri Ki Lagadi",0
4372,"Tu Mileya",0
4373,"Tu Milta Hai Mujhe",0
4374,"Tu Nachna",0
4375,"Tu Nasha",0
4376,"Tu Online Hai",0
4377,"Tu Rahe",0
4378,"Tu Rovenga",0
4379,"Tu Te Mai",0
4380,"Tu Yaad Aya",0
4381,"Tu Yaheen Hai",0
4382,"Twinkle Twinkle",0
4383,"Two Door",0
4384,T-Shirt,0
4385,"Pisasu 2",0
4386,"Uchiyaan Dewaraan",0
4387,"Uchiyaan Dewaraan (Baari 2)",0
4388,Udaariyaan,0
4389,"Udd Gaye Totte - Single",0
4390,"Radhe Shyam - Hindi 2021",0
4391,Udeekan,0
